,Date,Day,Matchweek,Venue,Result,Team,Opponent,Start,Position,Minutes Played,Goals,Assists,Penalties Scored,Penalties Attempted,Shots,Shots on Target,Yellow Cards,Red Cards,Touches,Tackles,Interceptions,Blocks,xG,npxG,xAG,Shot Creating Actions,Goal Creating Actions,Passes Completed,Passes Attempted,Progressive Passes,Carries,Progressive Carries,Take-ons Attempted,Successful Take-ons,Passing Distance,Progressive Passing Distance,Short Passes Completed,Short Passes Attempted,Medium Passes Completed,Medium Passes Attempted,Long Passes Completed,Long Passes Attempted,Expected Assists,Key Passes,Passes into Final Third,Passes into Penalty Area,Crosses into Penalty Area,Live Pass,Dead Pass,Free Kick Pass,Through Balls,Switches,Crosses,Throw Ins Taken,Corners Taken,Passes Offside,Live SCA,Deadball SCA,Take-on SCA,Shot SCA,Foul SCA,Defense SCA,Live GCA,Deadball GCA,Take-on GCA,Shot GCA,Foul GCA,Defense GCA,Tackles Won,Defensive Third Tackles,Middle Third Tackles,Attacking Third Tackles,Dribblers Tackled,Dribblers Tackled Attempts,Challenges Lost,Shots Blocked,Passes Blocked,Clearances,Defensive Errors,Defensive Penalty Area Touches,Defensive Third Touches,Middle Third Touches,Attacking Third Touches,Penalty Area Touches,Carry Distance,Progressive Carry Distance,Final Third Carries,Carries into Penalty Area,Miscontrols,Dispossessed,Passes Received,Progressive Passes Received,bonus,bps,clean_sheets,creativity,ict_index,influence,kickoff_time,minutes,own_goals,round,saves,selected,threat,total_points,transfers_balance,transfers_in,transfers_out,value,kickoff_date
0,2022-10-01,Sat,9,Away,W 2–1,Chelsea,Crystal Palace,Y,FW,74,1,0,0,0,2,1,0,0,29,0,1,0,0.1,0.1,0.2,2,0,20,23,2,22,0,0,0,277,70,12,14,8,8,0,0,0.0,1,1,0,0,21,2,0,0,0,0,0,0,0,1,0,0,1,0,0,0,0,0,0,0,0,0,0,0,0,0,0,0,0,0,0,0,0,0,19,10,2,100.0,19.0,1,0,2,0,23,3,3,30,0,12.2,6.7,34.0,2022-10-01 14:00:00+00:00,74,0,9,0,62600,21.0,9,21413,28881,7468,90,2022-10-01
1,2022-10-16,Sun,11,Away,W 2–0,Chelsea,Aston Villa,Y,FW,57,0,0,0,0,0,0,0,0,12,0,0,0,0.0,0.0,0.1,1,0,6,9,0,6,2,0,0,77,2,4,6,0,1,1,1,0.0,1,0,0,0,9,0,0,0,0,0,0,0,0,1,0,0,0,0,0,0,0,0,0,0,0,0,0,0,0,0,0,0,0,0,0,1,0,3,6,3,1,45.0,24.0,1,1,2,1,10,3,0,2,0,10.6,1.1,0.0,2022-10-16 13:00:00+00:00,57,0,11,0,296110,2.0,1,-1937,57827,59764,91,2022-10-16
2,2022-10-19,Wed,12,Away,D 0–0,Chelsea,Brentford,N,AM,10,0,0,0,0,1,1,0,0,5,0,0,0,0.0,0.0,0.1,1,0,2,4,1,2,1,1,1,26,16,2,3,0,1,0,0,0.0,1,0,1,0,4,0,0,0,0,1,0,0,0,1,0,0,0,0,0,0,0,0,0,0,0,0,0,0,0,0,0,0,0,0,0,0,0,1,0,5,0,89.0,75.0,1,0,0,0,5,2,0,5,0,11.5,2.5,6.2,2022-10-19 18:30:00+00:00,9,0,12,0,396729,7.0,1,21091,68673,47582,91,2022-10-19
3,2022-10-22,Sat,13,Home,D 1–1,Chelsea,Manchester Utd,Y,FW,73,0,0,0,0,1,0,0,0,17,0,1,0,0.0,0.0,0.0,0,0,4,10,0,11,2,3,2,49,0,3,5,1,1,0,1,0.0,0,0,0,0,9,1,0,0,0,1,0,0,0,0,0,0,0,0,0,0,0,0,0,0,0,0,0,0,0,0,0,0,0,0,0,0,1,1,5,12,5,66.0,34.0,2,2,3,0,12,5,0,6,1,0.6,1.3,0.0,2022-10-22 16:30:00+00:00,73,0,13,0,191255,12.0,2,-128926,9196,138122,90,2022-10-22
4,2022-10-29,Sat,14,Away,L 1–4,Chelsea,Brighton,N,"FW,LW,RW",28,0,0,0,0,1,1,0,0,12,0,0,0,0.0,0.0,0.0,1,0,7,7,0,7,1,0,0,87,16,5,5,2,2,0,0,0.0,0,0,1,1,6,1,0,0,0,1,0,0,0,0,0,0,1,0,0,0,0,0,0,0,0,0,0,0,0,0,1,1,0,0,0,0,0,0,4,8,0,36.0,28.0,0,0,1,2,10,3,0,2,0,4.8,1.7,5.0,2022-10-29 14:00:00+00:00,27,0,14,0,152241,7.0,1,-43411,16038,59449,89,2022-10-29
5,2022-11-06,Sun,15,Home,L 0–1,Chelsea,Arsenal,Y,FW,63,0,0,0,0,1,0,1,0,8,0,0,0,0.0,0.0,0.0,0,0,3,5,0,3,0,0,0,27,11,3,4,0,1,0,0,0.0,0,0,0,0,5,0,0,0,0,0,0,0,0,0,0,0,0,0,0,0,0,0,0,0,0,0,0,0,0,0,0,0,0,0,2,0,2,2,2,4,2,7.0,1.0,0,0,0,0,4,1,0,2,0,0.6,2.0,0.0,2022-11-06 12:00:00+00:00,63,0,15,0,140640,20.0,1,-15099,24225,39324,88,2022-11-06
6,2022-12-27,Tue,17,Home,W 2–0,Chelsea,Bournemouth,N,"FW,LW",9,0,0,0,0,0,0,0,0,4,0,0,0,0.0,0.0,0.0,1,0,2,2,0,2,0,1,0,67,48,1,1,0,0,1,1,0.0,0,1,0,0,2,0,0,0,0,0,0,0,0,1,0,0,0,0,0,0,0,0,0,0,0,0,0,0,0,0,0,0,0,0,1,0,2,3,1,1,0,37.0,17.0,0,0,0,0,0,0,0,3,0,0.3,0.2,1.2,2022-12-27 17:30:00+00:00,8,0,17,0,136888,0.0,1,19019,58354,39335,87,2022-12-27
7,2023-01-01,Sun,18,Away,D 1–1,Chelsea,Nott'ham Forest,N,FW,18,0,0,0,0,1,0,0,0,7,0,0,0,0.3,0.3,0.0,0,0,4,6,0,4,0,0,0,56,5,2,4,2,2,0,0,0.0,0,0,0,0,6,0,0,0,0,0,0,0,0,0,0,0,0,0,0,0,0,0,0,0,0,0,0,0,0,0,0,0,0,0,0,0,0,1,2,4,2,13.0,4.0,0,0,0,0,6,1,0,-1,0,0.3,0.8,0.0,2023-01-01 16:30:00+00:00,17,0,18,0,115681,9.0,1,-22349,6530,28879,86,2023-01-01
8,2023-01-05,Thu,19,Home,L 0–1,Chelsea,Manchester City,N,FW,63,0,0,0,0,0,0,0,0,13,1,0,0,0.0,0.0,0.0,0,0,9,12,0,11,1,0,0,98,23,7,7,2,3,0,0,0.0,0,0,0,0,12,0,0,0,0,0,0,0,0,0,0,0,0,0,0,0,0,0,0,0,0,0,1,0,0,0,0,0,0,0,0,1,1,3,6,4,1,49.0,23.0,1,0,0,0,9,1,0,5,0,1.0,0.1,0.0,2023-01-05 20:00:00+00:00,62,0,19,0,107002,2.0,2,-9580,4274,13854,86,2023-01-05
9,2023-01-15,Sun,20,Home,W 1–0,Chelsea,Crystal Palace,N,FW,28,0,0,0,0,3,2,0,0,13,0,0,0,0.2,0.2,0.0,0,0,4,6,0,7,0,0,0,57,2,2,3,2,2,0,0,0.0,0,0,0,0,6,0,0,0,0,0,0,0,0,0,0,0,0,0,0,0,0,0,0,0,0,0,0,0,0,0,0,0,0,0,1,0,0,1,6,6,3,33.0,4.0,0,0,0,1,9,2,0,-2,0,0.7,4.6,6.2,2023-01-15 14:00:00+00:00,27,0,20,0,95842,39.0,1,-12383,3498,15881,86,2023-01-15
10,2023-01-21,Sat,21,Away,D 0–0,Chelsea,Liverpool,N,FW,10,0,0,0,0,0,0,0,0,4,0,0,1,0.0,0.0,0.0,0,0,0,2,0,1,0,0,0,0,0,0,2,0,0,0,0,0.0,0,0,0,0,2,0,0,0,0,0,0,0,0,0,0,0,0,0,0,0,0,0,0,0,0,0,0,0,0,0,0,0,0,1,0,0,0,0,3,1,0,0.0,0.0,0,0,1,0,3,1,0,3,0,0.0,0.0,0.0,2023-01-21 12:30:00+00:00,9,0,21,0,89576,0.0,1,-7628,1984,9612,85,2023-01-21
11,2023-02-26,Sun,25,Away,L 0–2,Chelsea,Tottenham,N,FW,8,0,0,0,0,0,0,0,0,0,0,0,0,0.0,0.0,0.0,0,0,0,0,0,0,0,0,0,0,0,0,0,0,0,0,0,0.0,0,0,0,0,0,0,0,0,0,0,0,0,0,0,0,0,0,0,0,0,0,0,0,0,0,0,0,0,0,0,0,0,0,0,0,0,0,0,0,0,0,0.0,0.0,0,0,0,0,0,0,0,3,0,0.0,0.0,0.0,2023-02-26 13:30:00+00:00,7,0,25,0,78241,0.0,1,-1635,433,2068,84,2023-02-26
12,2023-04-08,Sat,30,Away,L 0–1,Chelsea,Wolves,N,FW,23,0,0,0,0,2,0,0,0,11,0,0,1,0.2,0.2,0.1,1,0,3,7,0,2,1,0,0,45,0,1,2,2,2,0,1,0.0,1,0,0,0,7,0,0,0,0,0,0,0,0,1,0,0,0,0,0,0,0,0,0,0,0,0,0,0,0,0,0,0,0,1,0,0,0,0,3,8,2,22.0,15.0,0,0,1,0,7,2,0,3,0,10.6,2.2,0.2,2023-04-08 14:00:00+00:00,23,0,30,0,75628,11.0,1,-465,366,831,84,2023-04-08
13,2023-04-26,Wed,33,Home,L 0–2,Chelsea,Brentford,N,FW,45,0,0,0,0,4,2,0,0,17,0,0,0,0.5,0.5,0.0,1,0,12,12,0,5,1,0,0,108,5,10,10,1,1,0,0,0.0,0,0,0,0,10,2,0,0,0,0,0,0,0,1,0,0,0,0,0,0,0,0,0,0,0,0,0,0,0,0,0,0,0,0,0,0,0,0,5,12,4,22.0,10.0,0,1,0,0,15,4,0,-2,0,6.1,5.3,2.2,2023-04-26 18:45:00+00:00,45,0,33,0,75105,45.0,1,-293,123,416,84,2023-04-26
14,2023-05-02,Tue,34,Away,L 1–3,Chelsea,Arsenal,Y,FW,45,0,0,0,0,0,0,0,0,9,0,0,0,0.0,0.0,0.0,0,0,6,6,0,3,0,0,0,79,5,4,4,2,2,0,0,0.0,0,0,0,0,2,4,0,0,0,0,0,0,0,0,0,0,0,0,0,0,0,0,0,0,0,0,0,0,0,0,0,0,0,0,0,0,1,1,7,1,1,10.0,5.0,0,0,1,0,3,1,0,2,0,0.1,0.0,0.0,2023-05-02 19:00:00+00:00,45,0,34,0,75033,2.0,1,-254,209,463,84,2023-05-02
15,2021-08-22,Sun,2,Home,L 0–2,Arsenal,Chelsea,N,"FW,LW",30,0,0,0,0,1,1,0,0,8,1,0,0,0.0,0.0,0.0,0,0,2,6,0,1,0,0,0,14,0,2,5,0,1,0,0,0.0,0,0,0,0,6,0,0,0,0,0,0,0,0,0,0,0,0,0,0,0,0,0,0,0,0,1,1,0,0,0,0,0,0,0,0,0,0,1,2,5,2,2.0,0.0,0,0,0,0,5,1,0,5,0,1.3,2.5,5.0,2021-08-22 15:30:00+00:00,29,0,2,0,93597,19.0,1,-106222,1147,107369,99,2021-08-22
16,2021-08-28,Sat,3,Away,L 0–5,Arsenal,Manchester City,Y*,FW,58,0,0,0,0,0,0,0,0,13,0,0,0,0.0,0.0,0.0,0,0,5,11,1,6,0,1,0,68,16,3,6,2,4,0,0,0.0,0,0,0,0,9,1,0,0,0,1,0,0,1,0,0,0,0,0,0,0,0,0,0,0,0,0,0,0,0,0,0,0,0,0,0,0,0,1,7,5,0,18.0,5.0,0,0,0,1,13,3,0,0,0,1.4,0.1,0.0,2021-08-28 11:30:00+00:00,58,0,3,0,93954,0.0,1,-10890,11676,22566,99,2021-08-28
17,2021-09-11,Sat,4,Home,W 1–0,Arsenal,Norwich City,Y*,FW,90,1,0,0,0,6,2,0,0,26,0,0,1,1.3,1.3,0.1,6,0,10,15,0,13,3,1,0,113,21,7,7,2,3,0,2,0.1,2,0,0,0,15,0,0,0,0,1,0,0,0,4,0,0,0,2,0,0,0,0,0,0,0,0,0,0,0,0,0,0,0,1,0,0,0,0,3,23,11,60.0,38.0,0,2,0,0,18,5,3,30,1,22.5,16.1,35.8,2021-09-11 14:00:00+00:00,90,0,4,0,167315,103.0,9,56011,93463,37452,99,2021-09-11
18,2021-09-18,Sat,5,Away,W 1–0,Arsenal,Burnley,Y*,FW,90,0,0,0,0,2,0,0,0,32,1,0,1,0.1,0.1,0.5,4,0,22,24,6,12,5,1,0,221,80,16,17,3,4,0,0,0.3,3,0,2,0,24,0,0,1,0,0,0,0,0,4,0,0,0,0,0,0,0,0,0,0,0,0,1,0,0,0,0,0,0,1,0,0,0,1,13,18,1,124.0,96.0,4,1,0,0,24,4,0,6,1,37.4,6.3,7.2,2021-09-18 14:00:00+00:00,90,0,5,0,190778,18.0,2,21567,49181,27614,99,2021-09-18
19,2021-09-26,Sun,6,Home,W 3–1,Arsenal,Tottenham,Y*,FW,90,1,0,0,0,4,2,0,0,35,3,0,3,0.3,0.3,0.0,1,1,11,18,3,16,1,0,0,209,29,5,7,3,5,2,3,0.0,0,1,0,0,18,0,0,0,0,1,0,0,0,1,0,0,0,0,0,1,0,0,0,0,0,0,3,0,0,1,2,1,0,3,0,0,0,4,13,18,6,59.0,29.0,0,1,3,0,26,6,1,28,0,3.3,11.7,38.8,2021-09-26 15:30:00+00:00,90,0,6,0,154213,75.0,7,-35652,10425,46077,99,2021-09-26
20,2021-10-02,Sat,7,Away,D 0–0,Arsenal,Brighton,Y*,FW,71,0,0,0,0,1,0,0,0,22,0,0,0,0.1,0.1,0.0,0,0,6,11,1,11,1,0,0,82,19,4,6,2,4,0,0,0.0,0,0,0,0,11,0,0,0,0,0,0,0,0,0,0,0,0,0,0,0,0,0,0,0,0,0,0,0,0,0,0,0,0,0,0,0,0,3,10,9,3,34.0,5.0,1,1,7,1,14,3,0,5,1,2.8,4.0,0.0,2021-10-02 16:30:00+00:00,71,0,7,0,187133,38.0,2,24345,39643,15298,99,2021-10-02
21,2021-10-18,Mon,8,Home,D 2–2,Arsenal,Crystal Palace,Y*,FW,90,1,0,0,0,1,1,0,0,24,2,0,1,0.4,0.4,0.1,2,0,11,15,4,7,0,1,0,172,68,5,9,4,4,1,1,0.2,1,0,4,0,15,0,0,1,0,0,0,0,0,2,0,0,0,0,0,0,0,0,0,0,0,2,0,1,1,1,1,0,0,1,0,0,0,2,9,13,2,36.0,2.0,0,0,2,1,15,2,3,33,0,15.8,9.1,40.0,2021-10-18 19:00:00+00:00,90,0,8,0,207365,35.0,9,16847,37102,20255,99,2021-10-18
22,2021-10-22,Fri,9,Home,W 3–1,Arsenal,Aston Villa,Y*,FW,89,1,1,0,1,4,2,1,0,30,1,0,0,1.2,0.2,0.2,3,2,13,19,4,18,5,1,0,187,59,9,11,4,6,0,0,0.1,2,1,2,0,19,0,0,0,0,2,0,0,0,1,0,0,2,0,0,1,0,0,1,0,0,1,0,1,0,0,4,4,0,0,1,0,1,4,9,17,5,143.0,115.0,2,2,1,0,21,7,0,27,0,24.6,14.9,56.0,2021-10-22 19:00:00+00:00,90,0,9,0,324854,68.0,6,108617,123622,15005,99,2021-10-22
23,2021-10-30,Sat,10,Away,W 2–0,Arsenal,Leicester City,Y*,FW,90,0,0,0,0,2,2,0,0,29,1,0,2,0.3,0.3,0.0,1,0,13,21,2,13,3,1,1,185,34,7,9,6,10,0,0,0.0,0,1,0,0,21,0,0,0,0,2,0,0,0,0,0,1,0,0,0,0,0,0,0,0,0,0,1,0,0,1,1,0,1,1,1,0,0,7,13,10,3,137.0,78.0,2,1,0,0,17,1,0,5,1,3.0,7.1,15.8,2021-10-30 11:30:00+00:00,90,0,10,0,418136,52.0,2,90589,127526,36937,100,2021-10-30
24,2021-11-07,Sun,11,Home,W 1–0,Arsenal,Watford,Y*,FW,90,0,0,0,1,2,0,1,0,27,1,0,0,0.9,0.1,0.0,1,0,9,18,0,11,1,0,0,136,0,6,7,3,8,0,1,0.0,0,0,0,0,17,0,0,0,0,2,0,0,1,1,0,0,0,0,0,0,0,0,0,0,0,1,0,1,0,0,1,1,0,0,2,0,1,2,11,14,5,44.0,18.0,0,1,1,0,17,6,0,-6,1,1.8,4.1,4.0,2021-11-07 14:00:00+00:00,90,0,11,0,531667,35.0,-1,102194,130300,28106,100,2021-11-07
25,2021-11-20,Sat,12,Away,L 0–4,Arsenal,Liverpool,Y*,FW,90,0,0,0,0,1,1,0,0,19,0,0,1,0.1,0.1,0.1,1,0,7,13,2,10,1,0,0,84,32,6,7,1,6,0,0,0.0,1,1,0,0,12,1,0,0,0,1,1,0,0,1,0,0,0,0,0,0,0,0,0,0,0,0,0,0,0,0,1,1,0,1,0,0,0,2,11,6,1,30.0,21.0,0,0,1,0,14,4,0,1,0,10.3,3.0,2.4,2021-11-20 17:30:00+00:00,90,0,12,0,370013,17.0,2,-150581,19527,170108,100,2021-11-20
26,2021-11-27,Sat,13,Home,W 2–0,Arsenal,Newcastle Utd,Y*,FW,75,0,0,0,0,2,1,1,0,24,1,0,2,0.6,0.6,0.0,0,0,13,18,2,7,0,0,0,167,12,9,11,3,4,1,2,0.0,0,2,0,0,18,0,0,0,0,1,0,0,0,0,0,0,0,0,0,0,0,0,0,0,0,0,0,1,0,0,0,0,0,2,0,0,0,1,8,15,5,20.0,2.0,0,0,0,1,16,4,0,-7,1,5.8,3.6,0.0,2021-11-27 12:30:00+00:00,75,0,13,0,393167,30.0,1,13243,53528,40285,99,2021-11-27
27,2021-12-02,Thu,14,Away,L 2–3,Arsenal,Manchester Utd,Y*,FW,78,0,0,0,0,5,4,0,0,26,0,0,1,0.6,0.6,0.0,3,0,14,17,1,15,1,1,1,157,34,10,11,4,5,0,0,0.0,0,0,0,0,17,0,0,0,0,0,0,0,0,0,0,1,2,0,0,0,0,0,0,0,0,0,0,0,0,0,0,0,0,1,0,0,0,5,7,15,4,67.0,42.0,0,1,1,0,17,0,0,3,0,2.1,8.5,12.6,2021-12-02 20:15:00+00:00,78,0,14,0,298113,70.0,2,-92172,3897,96069,98,2021-12-02
28,2021-12-06,Mon,15,Away,L 1–2,Arsenal,Everton,N,FW,6,0,0,0,0,2,0,0,0,4,0,0,0,0.1,0.1,0.0,0,0,1,2,0,2,0,0,0,6,0,1,2,0,0,0,0,0.0,0,0,0,0,2,0,0,0,0,0,0,0,0,0,0,0,0,0,0,0,0,0,0,0,0,0,0,0,0,0,0,0,0,0,0,0,0,0,1,3,2,5.0,5.0,0,0,0,0,3,1,0,1,0,0.3,1.9,0.0,2021-12-06 20:00:00+00:00,5,0,15,0,254684,22.0,1,-45356,7938,53294,97,2021-12-06
29,2020-09-12,Sat,1,Away,W 3–0,Arsenal,Fulham,Y*,LW,90,1,0,0,0,3,2,1,0,35,0,0,0,0.2,0.2,0.1,3,0,20,30,2,27,4,2,1,245,33,16,18,4,7,0,2,0.0,1,1,1,0,29,0,0,0,0,2,0,0,1,1,0,0,1,1,0,0,0,0,0,0,0,0,0,0,0,0,2,2,0,0,0,0,0,4,12,20,4,196.0,117.0,1,2,1,2,32,10,0,19,1,15.3,10.6,36.6,2020-09-12 11:30:00+00:00,90,0,1,0,2823465,54.0,7,0,0,0,120,2020-09-12
30,2020-09-19,Sat,2,Home,W 2–1,Arsenal,West Ham,Y*,LW,90,0,1,0,0,1,1,0,0,36,1,0,0,0.0,0.0,0.4,3,1,26,32,3,21,3,1,1,454,100,11,12,10,13,3,5,0.4,3,4,0,0,32,0,0,0,1,5,0,0,0,3,0,0,0,0,0,1,0,0,0,0,0,1,0,0,1,0,0,0,0,0,0,0,0,2,16,18,3,140.0,47.0,1,1,1,3,30,12,0,20,0,36.4,7.9,28.0,2020-09-19 19:00:00+00:00,90,0,2,0,3002806,15.0,5,-76570,146991,223561,120,2020-09-19
31,2020-09-28,Mon,3,Away,L 1–3,Arsenal,Liverpool,Y*,LW,90,0,0,0,0,0,0,0,0,27,1,0,0,0.0,0.0,0.0,1,0,8,22,1,10,2,1,0,148,19,3,8,4,8,1,2,0.0,0,1,0,0,21,0,0,0,0,1,0,0,1,1,0,0,0,0,0,0,0,0,0,0,0,0,0,1,0,0,2,2,0,0,1,0,0,6,13,8,2,66.0,31.0,1,1,0,0,20,5,0,5,0,0.9,0.9,4.2,2020-09-28 19:00:00+00:00,90,0,3,0,2046859,4.0,2,-967555,50656,1018211,119,2020-09-28
32,2020-10-04,Sun,4,Home,W 2–1,Arsenal,Sheffield Utd,Y*,"LW,FW",90,0,0,0,0,2,2,0,0,40,0,0,1,0.1,0.1,0.0,1,1,27,33,6,22,3,1,1,377,112,19,20,7,8,1,4,0.1,0,3,1,0,32,1,0,0,0,1,0,0,0,1,0,0,0,0,0,1,0,0,0,0,0,0,0,0,0,0,1,1,0,1,1,0,2,5,13,22,4,211.0,112.0,2,0,2,0,34,7,0,10,0,4.6,4.4,9.4,2020-10-04 13:00:00+00:00,90,0,4,0,2000213,30.0,2,-120167,106551,226718,119,2020-10-04
33,2020-10-17,Sat,5,Away,L 0–1,Arsenal,Manchester City,Y*,LW,90,0,0,0,0,0,0,0,0,24,0,0,2,0.0,0.0,0.5,3,0,11,16,3,15,1,1,0,168,70,6,8,5,5,0,2,0.4,2,1,2,1,16,0,0,1,0,1,0,0,0,2,0,0,0,1,0,0,0,0,0,0,0,0,0,0,0,0,0,0,0,2,2,0,1,2,9,13,1,71.0,34.0,0,0,2,1,20,5,0,7,0,29.9,4.1,8.6,2020-10-17 16:30:00+00:00,90,0,5,0,1397443,2.0,2,-582811,29415,612226,118,2020-10-17
34,2020-10-25,Sun,6,Home,L 0–1,Arsenal,Leicester City,Y*,"RW,LW,LM",90,0,0,0,0,2,0,0,0,36,2,0,1,0.1,0.1,0.1,3,0,20,24,0,22,1,0,0,224,29,16,17,3,5,1,1,0.0,1,1,1,1,24,0,0,0,0,3,0,0,0,3,0,0,0,0,0,0,0,0,0,0,0,2,0,2,0,0,0,0,0,1,0,0,0,7,19,12,1,79.0,42.0,0,0,3,0,21,9,0,12,0,16.0,3.5,6.6,2020-10-25 19:15:00+00:00,90,0,6,0,1193283,12.0,2,-235512,14819,250331,118,2020-10-25
35,2020-11-01,Sun,7,Away,W 1–0,Arsenal,Manchester Utd,Y*,LW,86,1,0,1,1,1,0,1,0,39,2,0,1,0.8,0.1,0.1,1,0,27,32,1,23,0,0,0,270,45,22,23,4,5,0,0,0.1,1,0,1,0,32,0,0,0,0,0,0,0,0,1,0,0,0,0,0,0,0,0,0,0,0,2,2,0,0,1,2,1,0,1,0,0,0,5,14,20,5,77.0,31.0,0,0,1,0,30,9,1,31,1,16.4,7.6,34.0,2020-11-01 16:30:00+00:00,86,0,7,0,1011750,26.0,8,-191185,6334,197519,117,2020-11-01
36,2020-11-08,Sun,8,Home,L 0–3,Arsenal,Aston Villa,Y*,LW,90,0,0,0,0,0,0,0,0,38,0,0,3,0.0,0.0,0.2,3,0,22,31,1,25,2,0,0,288,37,14,16,8,12,0,0,0.2,2,0,1,0,28,3,0,0,0,4,3,0,0,2,0,0,0,1,0,0,0,0,0,0,0,0,0,0,0,0,0,0,0,3,0,0,0,3,13,22,4,120.0,78.0,2,1,3,0,28,8,0,7,0,28.3,4.2,6.0,2020-11-08 19:15:00+00:00,90,0,8,0,1037701,8.0,2,7189,53375,46186,117,2020-11-08
37,2020-11-22,Sun,9,Away,D 0–0,Arsenal,Leeds United,Y*,FW,90,0,0,0,0,3,1,0,0,32,0,0,0,0.2,0.2,0.0,1,0,16,25,1,22,1,2,1,138,26,13,18,1,2,0,0,0.0,1,0,0,0,25,0,0,0,0,0,0,0,0,1,0,0,0,0,0,0,0,0,0,0,0,0,0,0,0,0,0,0,0,0,1,0,1,4,22,7,3,117.0,79.0,1,1,1,0,28,7,0,4,1,14.4,5.9,5.6,2020-11-22 16:30:00+00:00,90,0,9,0,961065,39.0,3,-74110,43782,117892,117,2020-11-22
38,2020-11-29,Sun,10,Home,L 1–2,Arsenal,Wolves,Y*,FW,90,0,0,0,0,5,1,0,0,22,0,0,0,0.7,0.7,0.0,0,0,8,13,2,10,0,0,0,113,23,5,7,2,5,1,1,0.0,0,1,1,0,11,2,0,0,0,2,0,0,0,0,0,0,0,0,0,0,0,0,0,0,0,0,0,0,0,0,0,0,0,0,1,0,1,1,5,16,8,26.0,14.0,0,0,1,1,11,5,0,2,0,1.3,6.3,0.6,2020-11-29 19:15:00+00:00,90,0,10,0,850482,61.0,2,-107416,5512,112928,116,2020-11-29
39,2020-12-06,Sun,11,Away,L 0–2,Arsenal,Tottenham,Y*,FW,90,0,0,0,0,2,0,0,0,23,0,0,0,0.1,0.1,0.0,0,0,16,16,2,15,2,0,0,201,52,11,11,5,5,0,0,0.2,0,1,1,1,14,2,0,0,0,1,0,0,0,0,0,0,0,0,0,0,0,0,0,0,0,0,0,0,0,0,0,0,0,0,1,0,1,1,10,12,4,61.0,35.0,1,1,1,0,18,7,0,6,0,7.3,3.5,1.8,2020-12-06 16:30:00+00:00,90,0,11,0,742348,26.0,2,-108638,2646,111284,115,2020-12-06
40,2020-12-13,Sun,12,Home,L 0–1,Arsenal,Burnley,Y*,"FW,LM",90,0,0,0,0,4,2,0,0,37,1,0,0,0.2,0.2,0.1,3,0,25,30,4,24,3,0,0,366,80,13,13,10,13,1,2,0.1,1,2,2,0,29,1,0,0,0,3,0,0,0,3,0,0,0,0,0,0,0,0,0,0,0,0,1,0,0,0,0,0,0,0,0,0,1,4,10,25,7,134.0,91.0,3,2,0,2,31,10,0,-1,0,18.5,9.4,7.4,2020-12-13 19:15:00+00:00,90,1,12,0,703369,68.0,0,-47634,16755,64389,115,2020-12-13
41,2020-12-16,Wed,13,Home,D 1–1,Arsenal,Southampton,Y*,"LW,FW",90,1,0,0,0,1,1,0,0,37,0,1,1,0.3,0.3,0.1,1,0,17,27,2,23,4,0,0,228,47,12,16,5,9,0,2,0.1,1,0,0,0,27,0,0,0,0,0,0,0,0,1,0,0,0,0,0,0,0,0,0,0,0,0,0,0,0,0,2,2,0,1,1,0,1,6,16,15,6,123.0,75.0,0,3,2,2,28,11,3,24,0,11.9,7.7,37.8,2020-12-16 18:00:00+00:00,90,0,13,0,650088,27.0,10,-52013,4169,56182,115,2020-12-16
42,2020-12-29,Tue,16,Away,W 1–0,Arsenal,Brighton,Y*,"FW,LW",90,0,0,0,0,3,1,0,0,33,0,0,0,0.6,0.6,0.0,1,0,19,22,5,17,4,2,1,319,91,9,10,7,8,2,2,0.0,0,2,1,0,21,1,0,0,0,1,0,0,0,1,0,0,0,0,0,0,0,0,0,0,0,0,0,0,0,0,1,1,0,0,2,0,2,5,10,18,5,165.0,81.0,2,2,2,2,26,5,0,0,1,7.6,4.1,4.6,2020-12-29 18:00:00+00:00,90,0,16,0,566389,29.0,3,-5669,6786,12455,114,2020-12-29
43,2021-01-02,Sat,17,Away,W 4–0,Arsenal,West Brom,Y*,LW,90,0,0,0,0,3,1,0,0,57,0,0,1,0.8,0.8,0.0,3,1,35,45,7,36,8,1,1,557,116,21,24,11,15,3,4,0.0,0,2,2,0,43,0,0,0,1,2,0,0,2,3,0,0,0,0,0,1,0,0,0,0,0,0,0,0,0,0,2,2,0,1,2,0,1,12,25,20,2,231.0,163.0,4,1,2,1,45,8,0,8,1,5.5,4.5,7.6,2021-01-02 20:00:00+00:00,90,0,17,0,569293,32.0,3,1821,14647,12826,114,2021-01-02
44,2021-01-14,Thu,18,Home,D 0–0,Arsenal,Crystal Palace,Y*,LW,90,0,0,0,0,1,1,0,0,46,1,2,2,0.0,0.0,0.0,2,0,27,39,1,22,5,4,3,405,72,16,21,6,11,3,3,0.1,0,1,1,1,39,0,0,0,1,3,0,0,0,1,0,1,0,0,0,0,0,0,0,0,0,0,1,0,0,0,1,1,0,2,0,0,0,5,16,26,7,219.0,115.0,2,2,0,0,36,13,0,11,1,8.3,5.0,12.2,2021-01-14 20:00:00+00:00,90,0,18,0,575850,29.0,3,-11762,13248,25010,113,2021-01-14
45,2021-01-18,Mon,19,Home,W 3–0,Arsenal,Newcastle Utd,Y*,LW,78,2,0,0,0,5,2,0,0,38,0,1,1,1.2,1.2,0.0,2,1,20,28,5,19,5,1,0,296,65,13,15,4,7,2,2,0.1,0,1,2,0,27,0,0,0,0,2,0,0,1,2,0,0,0,0,0,1,0,0,0,0,0,0,0,0,0,0,0,0,0,1,0,0,0,2,11,25,9,166.0,117.0,1,3,0,0,29,9,2,37,1,3.7,12.2,61.2,2021-01-18 20:00:00+00:00,78,0,19,0,539555,57.0,15,-16905,1436,18341,113,2021-01-18
46,2021-02-02,Tue,22,Away,L 1–2,Arsenal,Wolves,N,LW,30,0,0,0,0,1,0,0,0,14,1,0,0,0.1,0.1,0.0,1,0,8,8,0,6,0,0,0,78,0,7,7,1,1,0,0,0.0,0,1,0,0,8,0,0,0,0,0,0,0,0,0,0,0,1,0,0,0,0,0,0,0,0,1,0,1,0,1,2,1,0,0,1,0,2,7,6,1,1,22.0,0.0,0,0,1,0,7,1,0,5,0,0.3,2.1,3.0,2021-02-02 18:00:00+00:00,29,0,22,0,517358,18.0,1,-8191,3402,11593,113,2021-02-02
47,2021-02-06,Sat,23,Away,L 0–1,Arsenal,Aston Villa,N,FW,32,0,0,0,0,1,0,0,0,7,0,0,0,0.1,0.1,0.0,0,0,4,4,1,3,0,0,0,43,10,2,2,1,1,0,0,0.0,0,0,0,0,4,0,0,0,0,0,0,0,0,0,0,0,0,0,0,0,0,0,0,0,0,0,0,0,0,0,0,0,0,0,0,0,0,1,1,5,4,5.0,1.0,0,0,0,1,6,2,0,1,0,0.6,1.1,0.0,2021-02-06 12:30:00+00:00,31,0,23,0,526229,12.0,1,7644,14141,6497,113,2021-02-06
48,2021-02-14,Sun,24,Home,W 4–2,Arsenal,Leeds United,Y*,FW,90,3,0,1,1,4,2,0,0,35,0,0,1,1.9,1.1,0.1,3,0,16,25,4,20,2,1,0,281,56,8,10,5,10,3,3,0.1,2,1,1,0,24,0,0,0,0,1,0,0,1,3,0,0,0,0,0,0,0,0,0,0,0,0,0,0,0,0,1,1,0,1,0,0,0,1,19,15,9,87.0,43.0,0,2,1,0,28,8,3,56,0,27.7,22.7,102.2,2021-02-14 16:30:00+00:00,90,0,24,0,515502,97.0,20,-11009,3811,14820,113,2021-02-14
49,2021-02-21,Sun,25,Home,L 0–1,Arsenal,Manchester City,Y*,"FW,LW",90,0,0,0,0,0,0,0,0,18,0,0,0,0.0,0.0,0.0,1,0,9,11,0,11,0,1,0,131,9,5,6,4,5,0,0,0.1,0,0,0,0,11,0,0,0,0,0,0,0,0,1,0,0,0,0,0,0,0,0,0,0,0,0,0,0,0,0,1,1,0,0,0,0,0,2,9,7,2,73.0,10.0,2,0,5,0,16,4,0,4,0,3.2,0.7,0.0,2021-02-21 16:30:00+00:00,90,0,25,0,540800,4.0,2,22988,30474,7486,113,2021-02-21
50,2021-02-28,Sun,26,Away,W 3–1,Arsenal,Leicester City,N,FW,7,0,0,0,0,1,0,0,0,6,0,0,1,0.0,0.0,0.0,1,0,1,3,0,4,1,2,1,6,0,1,2,0,0,0,0,0.0,0,0,0,0,3,0,0,0,0,1,0,0,0,0,0,1,0,0,0,0,0,0,0,0,0,0,0,0,0,0,0,0,0,1,0,0,0,1,1,4,2,43.0,20.0,0,1,0,0,4,1,0,2,0,0.3,0.4,0.0,2021-02-28 12:00:00+00:00,7,0,26,0,533795,5.0,1,-6528,11941,18469,113,2021-02-28
51,2021-03-06,Sat,27,Away,D 1–1,Arsenal,Burnley,Y*,FW,90,1,0,0,0,4,1,0,0,28,0,0,0,0.8,0.8,0.0,1,1,16,21,2,17,2,1,1,193,39,12,15,4,5,0,0,0.0,0,0,1,0,20,0,0,0,0,1,0,0,1,0,0,1,0,0,0,0,0,1,0,0,0,0,0,0,0,0,0,0,0,0,0,0,0,1,9,19,7,104.0,70.0,1,1,1,1,23,5,1,18,0,2.5,10.2,31.0,2021-03-06 12:30:00+00:00,90,0,27,0,607950,68.0,8,70295,79805,9510,113,2021-03-06
52,2021-03-21,Sun,29,Away,D 3–3,Arsenal,West Ham,Y*,"LW,RW",80,0,0,0,0,0,0,0,0,34,1,1,0,0.0,0.0,0.0,1,0,17,27,2,25,1,2,1,162,19,12,17,3,6,0,0,0.0,0,1,0,0,27,0,0,0,0,0,0,0,0,1,0,0,0,0,0,0,0,0,0,0,0,1,1,0,0,0,0,0,0,0,1,0,0,3,12,19,2,116.0,44.0,1,0,0,1,32,9,0,8,0,5.3,1.7,5.6,2021-03-21 15:00:00+00:00,80,0,29,0,1218307,6.0,2,305129,320820,15691,115,2021-03-21
53,2021-04-03,Sat,30,Home,L 0–3,Arsenal,Liverpool,Y*,LW,76,0,0,0,0,0,0,0,0,37,2,1,1,0.0,0.0,0.1,2,0,19,25,3,18,3,2,0,192,64,11,15,3,5,0,0,0.1,2,2,0,0,25,0,0,0,0,1,0,0,0,2,0,0,0,0,0,0,0,0,0,0,0,1,2,0,0,1,3,2,0,1,3,0,4,14,10,13,1,91.0,59.0,1,0,2,0,25,4,0,10,0,26.2,4.2,14.2,2021-04-03 19:00:00+00:00,76,0,30,0,781355,2.0,2,-186675,9891,196566,114,2021-04-03
54,2021-05-02,Sun,34,Away,W 2–0,Arsenal,Newcastle Utd,Y*,FW,77,1,1,0,0,4,1,0,0,31,0,0,0,1.1,1.1,0.1,2,1,23,24,2,19,2,0,0,329,46,17,17,6,7,0,0,0.1,1,3,0,0,23,1,0,0,0,1,0,0,0,2,0,0,0,0,0,1,0,0,0,0,0,0,0,0,0,0,0,0,0,0,0,0,0,1,13,17,6,85.0,36.0,1,0,1,1,29,5,1,26,1,17.3,11.3,44.0,2021-05-02 13:00:00+00:00,77,0,34,0,543830,52.0,12,-7120,3649,10769,113,2021-05-02
55,2021-05-12,Wed,36,Away,W 1–0,Arsenal,Chelsea,Y*,FW,78,0,1,0,0,0,0,0,0,27,0,1,2,0.0,0.0,0.5,1,1,12,19,1,16,1,0,0,151,17,8,11,4,6,0,0,0.4,1,0,0,0,18,0,0,0,0,0,0,0,1,1,0,0,0,0,0,1,0,0,0,0,0,0,0,0,0,0,0,0,0,2,0,0,1,6,11,10,1,73.0,17.0,1,0,4,0,22,4,0,18,1,13.3,3.3,17.6,2021-05-12 19:15:00+00:00,78,0,35,0,579903,2.0,6,31520,38829,7309,113,2021-05-12
56,2021-05-19,Wed,37,Away,W 3–1,Arsenal,Crystal Palace,Y*,FW,90,0,0,0,0,2,0,0,0,26,0,0,0,0.6,0.6,0.0,0,0,15,21,1,18,0,0,0,230,44,6,9,7,8,1,1,0.0,0,0,0,0,18,2,0,0,0,1,0,0,1,0,0,0,0,0,0,0,0,0,0,0,0,0,0,0,0,0,0,0,0,0,0,0,1,2,12,12,2,77.0,17.0,1,0,2,1,21,2,0,1,0,2.2,1.8,0.0,2021-05-19 18:00:00+00:00,90,0,37,0,556346,17.0,2,3068,8623,5555,113,2021-05-19
57,2021-05-23,Sun,38,Home,W 2–0,Arsenal,Brighton,Y*,FW,78,0,0,0,0,2,0,0,0,24,0,0,0,0.2,0.2,0.1,4,0,15,21,4,17,5,0,0,256,45,10,12,3,5,2,2,0.2,3,0,3,0,20,1,0,0,0,1,0,0,0,4,0,0,0,0,0,0,0,0,0,0,0,0,0,0,0,0,0,0,0,0,0,0,0,0,8,16,7,160.0,118.0,0,4,0,0,23,10,0,7,1,36.3,6.1,4.0,2021-05-23 15:00:00+00:00,78,0,38,0,595366,21.0,3,37016,45147,8131,113,2021-05-23
58,2019-08-11,Sun,1,Away,W 1–0,Arsenal,Newcastle Utd,Y,FW,90,1,0,0,0,4,2,0,0,41,0,0,0,0.7,0.7,0.0,1,0,18,30,2,27,3,2,0,172,51,13,19,1,4,0,0,0.1,0,1,2,0,29,1,0,1,0,3,0,0,0,0,0,0,1,0,0,0,0,0,0,0,0,0,0,0,0,0,0,0,0,0,0,0,0,1,8,32,7,149.0,67.0,2,1,3,3,33,12,0,25,1,6.5,15.0,37.4,2019-08-11 13:00:00+00:00,90,0,1,0,1474313,106.0,6,0,0,0,110,2019-08-11
59,2019-08-17,Sat,2,Home,W 2–1,Arsenal,Burnley,Y,"RW,LW,FW",90,1,0,0,0,3,2,1,0,40,1,0,1,0.2,0.2,0.1,1,0,16,29,1,29,2,2,0,278,60,9,14,5,10,2,2,0.0,1,1,3,2,29,0,0,0,0,4,0,0,0,1,0,0,0,0,0,0,0,0,0,0,0,0,1,0,0,1,1,0,0,1,0,0,1,8,14,18,5,199.0,111.0,1,2,2,2,36,8,1,25,0,18.9,9.4,42.2,2019-08-17 11:30:00+00:00,90,0,2,0,1793344,33.0,6,113772,181990,68218,110,2019-08-17
60,2019-08-24,Sat,3,Away,L 1–3,Arsenal,Liverpool,Y,"FW,LW",90,0,0,0,0,2,0,0,0,31,2,0,1,0.3,0.3,0.1,2,0,17,25,2,19,3,1,0,255,75,12,14,4,6,1,3,0.1,2,1,1,0,23,1,0,1,0,2,0,0,1,2,0,0,0,0,0,0,0,0,0,0,0,2,2,0,0,1,3,2,0,1,0,0,0,5,13,13,3,141.0,103.0,2,1,1,1,26,8,0,17,0,25.3,5.5,7.0,2019-08-24 16:30:00+00:00,90,0,3,0,1573634,23.0,5,-248663,52971,301634,110,2019-08-24
61,2019-09-01,Sun,4,Home,D 2–2,Arsenal,Tottenham,Y,"LW,FW",90,1,0,0,0,4,1,0,0,44,2,1,1,0.7,0.7,0.1,4,0,23,30,4,29,4,2,2,343,113,16,18,5,7,2,3,0.2,1,2,3,3,30,0,0,0,0,5,0,0,0,2,0,1,0,1,0,0,0,0,0,0,0,0,0,1,1,1,2,1,0,1,0,0,0,2,11,32,6,214.0,120.0,2,2,3,0,37,11,3,35,0,26.6,12.7,47.8,2019-09-01 15:30:00+00:00,90,0,4,0,1499754,53.0,9,-109901,59121,169022,110,2019-09-01
62,2019-09-15,Sun,5,Away,D 2–2,Arsenal,Watford,Y,FW,90,2,0,0,0,3,2,0,0,33,0,1,1,0.6,0.6,0.0,0,0,22,25,1,21,1,0,0,248,65,13,13,5,5,0,1,0.1,0,0,0,0,22,3,0,0,0,0,0,0,0,0,0,0,0,0,0,0,0,0,0,0,0,0,0,0,0,0,0,0,0,1,1,0,2,5,20,8,3,138.0,80.0,1,0,1,1,24,4,3,54,0,2.2,11.5,69.2,2019-09-15 15:30:00+00:00,90,0,5,0,1468857,44.0,13,-59610,66384,125994,110,2019-09-15
63,2019-09-22,Sun,6,Home,W 3–2,Arsenal,Aston Villa,Y,FW,90,1,0,0,0,4,2,1,0,32,1,0,0,0.4,0.4,0.0,2,1,10,23,2,21,2,1,0,111,32,7,10,2,9,0,1,0.1,0,0,1,0,20,3,0,0,0,3,0,0,0,1,0,0,0,1,0,0,0,0,0,1,0,1,0,0,1,0,2,2,0,0,0,0,1,3,6,23,7,93.0,62.0,1,1,4,1,24,11,0,26,0,1.6,9.5,34.6,2019-09-22 15:30:00+00:00,90,0,6,0,1618723,59.0,5,117466,158891,41425,110,2019-09-22
64,2019-09-30,Mon,7,Away,D 1–1,Arsenal,Manchester Utd,Y,FW,90,1,0,0,0,1,1,0,0,34,1,1,2,0.4,0.4,0.4,2,0,13,25,3,16,2,0,0,259,60,6,11,4,6,3,6,0.1,2,2,1,1,23,2,0,0,1,3,0,0,0,2,0,0,0,0,0,0,0,0,0,0,0,0,0,1,0,0,1,1,0,2,0,0,1,2,17,15,2,97.0,64.0,0,1,2,0,22,6,3,33,0,25.7,8.7,42.2,2019-09-30 19:00:00+00:00,90,0,7,0,1587257,19.0,9,-30817,72845,103662,110,2019-09-30
65,2019-10-06,Sun,8,Home,W 1–0,Arsenal,Bournemouth,Y,FW,90,0,0,0,0,4,1,0,0,31,0,0,0,0.7,0.7,0.1,2,1,14,19,4,18,0,0,0,179,33,10,11,3,4,0,0,0.0,1,2,2,0,18,1,0,0,0,2,0,0,0,2,0,0,0,0,0,1,0,0,0,0,0,0,0,0,0,0,0,0,0,0,0,0,0,1,11,20,5,190.0,13.0,2,1,4,1,24,11,0,0,1,12.8,6.1,1.0,2019-10-06 13:00:00+00:00,90,0,8,0,1829633,47.0,2,201560,219717,18157,110,2019-10-06
66,2019-10-21,Mon,9,Away,L 0–1,Arsenal,Sheffield Utd,Y,"FW,RW,LW",90,0,0,0,0,1,0,0,0,34,0,0,2,0.1,0.1,0.0,1,0,22,29,6,16,2,2,2,301,77,14,16,7,9,0,1,0.1,0,2,4,0,27,2,0,0,0,2,0,0,0,1,0,0,0,0,0,0,0,0,0,0,0,0,0,0,0,0,1,1,0,2,1,0,1,2,10,22,0,141.0,64.0,2,0,1,0,28,11,0,7,0,4.7,1.6,3.6,2019-10-21 19:00:00+00:00,90,0,9,0,1970131,8.0,2,133927,185133,51206,111,2019-10-21
67,2019-10-27,Sun,10,Home,D 2–2,Arsenal,Crystal Palace,Y,FW,90,0,0,0,0,2,0,0,0,22,0,0,0,0.1,0.1,0.1,1,0,12,15,2,16,3,0,0,167,41,7,9,5,5,0,0,0.0,1,0,0,0,14,1,0,0,0,0,1,0,0,1,0,0,0,0,0,0,0,0,0,0,0,0,0,0,0,0,1,1,0,0,0,0,0,1,10,11,1,149.0,83.0,1,1,3,1,19,7,0,5,0,12.4,2.4,1.0,2019-10-27 16:30:00+00:00,90,0,10,0,2024573,11.0,2,52748,105976,53228,111,2019-10-27
68,2019-11-02,Sat,11,Home,D 1–1,Arsenal,Wolves,Y*,FW,90,1,0,0,0,3,2,0,0,35,0,0,2,0.4,0.4,0.0,2,0,16,25,1,24,6,0,0,241,91,9,11,3,9,2,2,0.1,0,2,2,1,24,1,0,0,0,7,0,0,0,2,0,0,0,0,0,0,0,0,0,0,0,0,0,0,0,0,1,1,0,2,0,0,0,4,12,19,4,214.0,118.0,3,2,1,2,27,6,2,27,0,10.6,8.9,39.6,2019-11-02 15:00:00+00:00,90,0,11,0,1860399,39.0,8,-162894,42836,205730,111,2019-11-02
69,2019-11-09,Sat,12,Away,L 0–2,Arsenal,Leicester City,Y*,"FW,LW",90,0,0,0,0,1,0,0,0,36,1,0,0,0.1,0.1,0.6,5,0,18,30,6,25,5,3,2,315,118,9,13,5,11,4,4,0.5,2,2,4,2,30,0,0,0,0,4,0,0,0,3,0,1,1,0,0,0,0,0,0,0,0,0,0,0,1,1,2,1,0,0,0,0,0,4,11,21,2,229.0,151.0,2,0,1,1,31,9,0,10,0,30.3,6.4,11.4,2019-11-09 17:30:00+00:00,90,0,12,0,1811963,22.0,2,-52840,36266,89106,110,2019-11-09
70,2019-11-23,Sat,13,Home,D 2–2,Arsenal,Southampton,Y*,"FW,LW,RW",90,0,0,0,0,2,1,0,0,35,1,1,2,0.4,0.4,0.0,4,2,17,24,2,19,2,2,0,230,17,14,17,2,4,1,2,0.0,0,0,1,0,24,0,0,1,0,2,0,0,0,2,0,0,1,1,0,1,0,0,1,0,0,0,0,1,0,0,1,1,0,2,1,0,1,2,17,16,3,111.0,33.0,1,1,0,2,27,6,0,10,0,11.1,5.9,10.6,2019-11-23 15:00:00+00:00,90,0,13,0,1743921,37.0,5,-85518,75823,161341,110,2019-11-23
71,2019-12-01,Sun,14,Away,D 2–2,Arsenal,Norwich City,Y*,RW,90,2,0,1,1,1,1,0,0,52,2,0,2,0.9,0.1,0.1,1,0,26,44,2,26,5,1,1,351,97,13,19,11,17,0,0,0.3,1,0,2,1,44,0,0,0,0,6,0,0,0,1,0,0,0,0,0,0,0,0,0,0,0,1,1,1,0,0,1,1,0,2,0,0,1,5,17,30,10,192.0,105.0,1,3,2,1,38,13,3,58,0,22.3,15.1,78.6,2019-12-01 14:00:00+00:00,90,0,14,0,1605491,50.0,13,-133989,49088,183077,109,2019-12-01
72,2019-12-05,Thu,15,Home,L 1–2,Arsenal,Brighton,Y*,"RW,LW,FW",90,0,0,0,0,2,0,0,0,35,1,0,1,0.2,0.2,0.3,2,0,21,28,1,22,3,0,0,231,71,14,15,4,7,0,1,0.2,1,1,1,1,27,1,0,0,0,4,0,0,0,1,0,0,1,0,0,0,0,0,0,0,0,0,1,0,0,1,2,1,0,1,0,0,1,8,9,18,3,136.0,60.0,0,2,0,0,26,7,0,10,0,21.3,5.3,7.2,2019-12-05 20:15:00+00:00,90,0,15,0,1701355,24.0,2,81531,101589,20058,109,2019-12-05
73,2019-12-09,Mon,16,Away,W 3–1,Arsenal,West Ham,Y*,FW,90,1,1,0,0,3,1,0,0,27,0,0,2,0.5,0.5,0.4,4,2,13,19,3,16,3,2,1,202,36,5,6,7,8,0,2,0.4,2,0,2,0,17,2,0,0,0,2,0,0,0,3,0,1,0,0,0,2,0,0,0,0,0,0,0,0,0,0,1,1,0,2,0,0,0,1,8,18,6,134.0,74.0,2,2,1,0,18,4,3,44,0,26.1,12.4,53.8,2019-12-09 20:00:00+00:00,90,0,16,0,1560111,44.0,12,-136352,21499,157851,109,2019-12-09
74,2019-12-15,Sun,17,Home,L 0–3,Arsenal,Manchester City,Y*,FW,90,0,0,0,0,2,0,0,0,18,1,0,1,0.1,0.1,0.0,1,0,9,13,0,6,0,0,0,75,3,8,8,0,3,0,0,0.0,0,1,0,0,8,5,0,0,0,0,1,0,0,1,0,0,0,0,0,0,0,0,0,0,0,1,0,0,1,0,4,4,0,1,0,0,0,0,12,6,1,16.0,2.0,0,0,1,1,12,0,0,4,0,0.3,0.4,0.0,2019-12-15 16:30:00+00:00,90,0,17,0,1385735,5.0,2,-177057,12220,189277,108,2019-12-15
75,2019-12-21,Sat,18,Away,D 0–0,Arsenal,Everton,Y*,FW,77,0,0,0,0,3,2,0,0,21,0,0,0,0.5,0.5,0.0,0,0,6,16,2,10,2,1,0,66,24,4,6,1,6,0,0,0.0,0,0,0,0,15,1,0,1,0,0,0,0,0,0,0,0,0,0,0,0,0,0,0,0,0,0,0,0,0,0,0,0,0,0,0,0,1,3,7,13,3,161.0,99.0,4,0,1,0,15,6,0,1,1,3.8,6.1,3.4,2019-12-21 12:30:00+00:00,77,0,18,0,1403413,54.0,2,-19102,41676,60778,108,2019-12-21
76,2019-12-26,Thu,19,Away,D 1–1,Arsenal,Bournemouth,Y*,LW,90,1,0,0,0,5,1,1,0,41,1,0,1,0.7,0.7,0.0,1,0,21,31,1,21,3,0,0,246,54,14,17,5,11,0,0,0.1,0,0,1,0,30,1,0,1,0,4,0,0,0,0,0,0,1,0,0,0,0,0,0,0,0,1,0,0,1,0,0,0,0,1,0,0,1,3,11,28,11,153.0,116.0,1,2,2,0,27,14,2,27,0,7.7,12.6,30.2,2019-12-26 15:00:00+00:00,90,0,19,0,1324251,88.0,7,-55871,21338,77209,108,2019-12-26
77,2019-12-29,Sun,20,Home,L 1–2,Arsenal,Chelsea,Y*,LW,90,1,0,0,0,2,1,0,0,45,3,3,4,0.2,0.2,0.1,1,0,17,22,2,15,4,1,0,205,54,10,11,5,6,0,0,0.1,1,0,0,0,21,1,0,0,0,1,0,0,0,0,0,0,0,0,1,0,0,0,0,0,0,3,1,1,1,0,2,2,0,4,3,0,2,11,19,15,8,148.0,85.0,0,1,3,1,20,4,3,35,0,12.8,11.0,46.2,2019-12-29 14:00:00+00:00,90,0,20,0,1298352,51.0,9,-27729,13916,41645,108,2019-12-29
78,2020-01-01,Wed,21,Home,W 2–0,Arsenal,Manchester Utd,Y*,LW,90,0,0,0,0,1,0,0,0,43,2,0,4,0.1,0.1,0.0,3,1,25,35,2,24,2,2,2,361,86,13,19,8,10,2,4,0.1,1,0,1,1,35,0,0,0,0,3,0,0,0,2,0,1,0,0,0,1,0,0,0,0,0,1,1,1,0,0,3,3,0,4,0,0,0,7,13,24,7,146.0,99.0,1,1,0,0,30,7,0,11,1,18.9,4.5,9.6,2020-01-01 20:00:00+00:00,90,0,21,0,1289768,16.0,2,-13285,27128,40413,108,2020-01-01
79,2020-01-11,Sat,22,Away,D 1–1,Arsenal,Crystal Palace,Y*,LW,66,1,0,0,0,1,1,0,1,28,1,0,1,0.3,0.3,0.0,0,0,12,20,0,14,1,1,0,155,11,8,10,3,5,0,1,0.0,0,1,0,0,20,0,0,0,0,3,0,0,0,0,0,0,0,0,0,0,0,0,0,0,0,1,0,0,1,0,1,1,0,1,0,0,0,1,13,14,3,58.0,22.0,0,1,4,1,24,12,1,20,0,2.2,5.3,29.4,2020-01-11 12:30:00+00:00,66,0,22,0,1381989,21.0,4,86685,167670,80985,108,2020-01-11
80,2020-02-02,Sun,25,Away,D 0–0,Arsenal,Burnley,Y*,LW,90,0,0,0,0,3,1,0,0,36,0,0,1,0.7,0.7,0.1,3,0,20,27,2,20,5,4,1,301,79,11,12,9,11,0,0,0.2,2,1,3,2,27,0,0,0,0,3,0,0,0,3,0,0,0,0,0,0,0,0,0,0,0,0,0,0,0,0,1,1,0,1,1,0,1,5,11,20,5,188.0,107.0,1,2,0,1,27,11,0,0,1,31.0,7.0,10.2,2020-02-02 14:00:00+00:00,90,0,25,0,1206479,29.0,2,254862,280519,25657,107,2020-02-02
81,2020-02-16,Sun,26,Home,W 4–0,Arsenal,Newcastle Utd,Y*,LW,90,1,0,0,0,4,2,0,0,46,1,3,0,0.4,0.4,0.0,3,0,27,34,1,24,3,2,1,350,52,13,15,9,12,1,2,0.0,0,0,0,0,34,0,0,1,0,4,0,0,0,2,0,0,1,0,0,0,0,0,0,0,0,1,1,0,0,0,0,0,0,0,2,0,2,7,7,32,5,176.0,84.0,2,2,1,0,35,15,2,42,1,8.2,10.1,42.8,2020-02-16 16:30:00+00:00,90,0,26,0,1240907,50.0,8,39982,76889,36907,108,2020-02-16
82,2020-02-23,Sun,27,Home,W 3–2,Arsenal,Everton,Y*,LW,90,2,0,0,0,2,2,0,0,40,2,2,0,0.5,0.5,0.0,1,0,21,30,1,25,3,1,0,238,77,15,17,4,8,0,0,0.0,0,0,1,0,30,0,0,0,0,2,0,0,0,1,0,0,0,0,0,0,0,0,0,0,0,2,1,1,0,2,2,0,0,0,2,0,2,7,12,23,5,102.0,54.0,1,2,1,0,28,9,3,63,0,4.0,11.9,75.4,2020-02-23 16:30:00+00:00,90,0,27,0,1345575,40.0,13,98650,126811,28161,109,2020-02-23
83,2020-03-07,Sat,29,Home,W 1–0,Arsenal,West Ham,Y*,"LW,LM",90,0,0,0,0,1,0,0,0,46,0,0,0,0.0,0.0,0.2,6,1,28,41,3,27,3,2,2,411,76,13,15,13,18,1,3,0.4,2,0,1,1,41,0,0,1,0,3,0,0,0,4,0,1,1,0,0,0,0,0,1,0,0,0,0,0,0,0,2,2,0,0,0,0,2,6,21,21,2,206.0,139.0,2,0,2,1,40,15,0,12,1,35.9,5.6,8.4,2020-03-07 15:00:00+00:00,90,0,29,0,2137772,12.0,2,670947,681665,10718,111,2020-03-07
84,2020-06-17,Wed,28,Away,L 0–3,Arsenal,Manchester City,Y*,"AM,LM",90,0,0,0,0,2,0,0,0,22,1,0,2,0.2,0.2,0.0,0,0,10,14,2,12,0,0,0,104,51,6,7,3,3,0,0,0.0,0,0,1,0,14,0,0,0,0,1,0,0,0,0,0,0,0,0,0,0,0,0,0,0,0,0,0,1,0,1,4,3,0,2,0,0,0,4,7,11,1,24.0,7.0,0,0,0,0,12,4,0,2,0,2.4,0.6,0.0,2020-06-17 19:15:00+00:00,90,0,39,0,2209579,5.0,2,120624,360319,239695,111,2020-06-17
85,2020-06-20,Sat,30,Away,L 1–2,Arsenal,Brighton,Y*,LW,90,0,0,0,0,7,3,0,0,35,1,0,1,0.5,0.5,0.1,3,0,15,21,5,26,6,3,1,191,88,11,13,4,4,0,3,0.1,1,0,3,0,20,0,0,0,0,3,0,0,1,1,0,1,0,1,0,0,0,0,0,0,0,0,0,1,0,1,1,0,0,1,1,0,1,3,9,24,4,240.0,102.0,4,1,1,2,27,8,0,1,0,13.8,10.2,13.6,2020-06-20 14:00:00+00:00,90,0,39,0,2209579,75.0,2,120624,360319,239695,111,2020-06-20
86,2020-06-25,Thu,31,Away,W 2–0,Arsenal,Southampton,Y*,LW,90,0,0,0,0,3,2,0,0,22,1,0,1,0.4,0.4,0.0,1,0,8,16,1,16,3,0,0,110,37,5,10,1,4,1,1,0.0,0,0,1,0,16,0,0,0,0,2,0,0,0,0,0,0,0,1,0,0,0,0,0,0,0,1,1,0,0,1,2,1,0,1,0,0,1,2,8,12,6,105.0,77.0,0,3,1,0,19,7,0,5,1,0.9,3.9,6.6,2020-06-25 17:00:00+00:00,90,0,40,0,1897324,31.0,2,-264158,25110,289268,110,2020-06-25
87,2020-07-01,Wed,32,Home,W 4–0,Arsenal,Norwich City,Y*,LW,81,2,1,0,0,4,4,0,0,31,1,0,2,0.6,0.6,0.2,3,2,15,23,3,17,2,0,0,191,43,9,13,4,6,1,1,0.1,1,1,2,0,23,0,0,0,0,1,0,0,0,2,0,0,0,0,1,1,0,0,0,0,1,1,0,0,1,1,4,3,0,2,0,0,0,1,13,17,5,60.0,27.0,0,1,2,1,24,5,3,72,1,13.3,17.6,90.6,2020-07-01 17:00:00+00:00,81,0,41,0,1886191,72.0,16,-56486,64282,120768,110,2020-07-01
88,2020-07-04,Sat,33,Away,W 2–0,Arsenal,Wolves,Y*,LW,90,0,0,0,0,1,1,0,0,45,2,0,1,0.2,0.2,0.3,2,1,24,36,5,30,3,1,1,333,100,14,17,7,10,1,3,0.1,1,3,1,0,36,0,0,0,0,2,0,0,0,2,0,0,0,0,0,1,0,0,0,0,0,2,0,1,1,0,1,1,1,0,0,0,1,8,15,22,3,130.0,70.0,0,1,2,2,34,10,0,14,1,16.5,7.0,16.4,2020-07-04 16:30:00+00:00,90,0,42,0,1803712,37.0,2,-60538,65844,126382,110,2020-07-04
89,2020-07-07,Tue,34,Home,D 1–1,Arsenal,Leicester City,Y*,"LW,FW",89,1,0,0,0,2,1,0,0,35,0,0,1,0.4,0.4,0.0,2,0,18,25,3,25,2,0,0,249,44,13,14,5,8,0,1,0.0,0,0,0,0,25,0,0,0,0,1,0,0,0,2,0,0,0,0,0,0,0,0,0,0,0,0,0,0,0,0,0,0,0,1,0,0,0,3,14,18,4,104.0,48.0,1,1,4,2,28,9,2,29,0,3.7,7.6,33.2,2020-07-07 19:15:00+00:00,90,0,43,0,1749870,39.0,8,-63503,29357,92860,109,2020-07-07
90,2020-07-12,Sun,35,Away,L 1–2,Arsenal,Tottenham,Y*,LW,90,0,0,0,0,3,1,0,0,29,0,0,0,0.2,0.2,0.0,1,0,19,23,1,22,3,0,0,239,28,13,13,4,7,1,2,0.1,1,0,0,0,23,0,0,0,0,2,0,0,0,1,0,0,0,0,0,0,0,0,0,0,0,0,0,0,0,0,0,0,0,0,1,0,0,3,17,10,3,155.0,100.0,3,0,2,1,24,6,0,5,0,12.5,3.9,2.4,2020-07-12 15:30:00+00:00,90,0,44,0,1711638,24.0,2,-38034,34884,72918,109,2020-07-12
91,2020-07-15,Wed,36,Home,W 2–1,Arsenal,Liverpool,N,FW,33,0,0,0,0,0,0,0,0,13,1,0,0,0.0,0.0,0.1,1,0,5,11,2,2,0,0,0,65,27,2,3,2,7,0,0,0.1,1,0,2,0,10,1,0,0,0,0,0,1,0,1,0,0,0,0,0,0,0,0,0,0,0,0,0,1,0,1,2,1,0,0,0,0,0,1,4,8,0,3.0,2.0,0,0,0,0,10,1,0,6,0,11.0,1.5,4.2,2020-07-15 19:15:00+00:00,32,0,45,0,1617394,0.0,1,-80954,13888,94842,109,2020-07-15
92,2020-07-21,Tue,37,Away,L 0–1,Arsenal,Aston Villa,Y*,"LW,LM",90,0,0,0,0,2,0,0,0,33,0,0,0,0.2,0.2,0.0,1,0,16,26,0,20,4,1,0,194,36,11,15,2,7,1,1,0.0,0,1,1,1,24,1,0,0,0,4,1,0,1,1,0,0,0,0,0,0,0,0,0,0,0,0,0,0,0,0,2,2,0,0,1,0,1,5,13,15,3,112.0,51.0,0,0,2,1,26,6,0,4,0,8.1,3.4,1.8,2020-07-21 19:15:00+00:00,90,0,46,0,1663435,24.0,2,13402,54040,40638,109,2020-07-21
93,2020-07-26,Sun,38,Home,W 3–2,Arsenal,Watford,Y*,LW,90,2,1,1,1,3,2,0,0,42,1,2,2,1.6,0.8,0.1,2,1,20,28,3,27,3,1,1,295,54,9,10,7,10,1,4,0.0,1,1,0,0,28,0,0,0,0,1,0,0,0,1,0,0,0,1,0,1,0,0,0,0,0,1,0,1,0,0,1,1,0,2,2,0,2,9,16,18,4,150.0,103.0,4,0,0,1,26,5,3,68,0,14.2,18.6,94.4,2020-07-26 15:00:00+00:00,90,0,47,0,1759479,77.0,16,51984,103473,51489,109,2020-07-26
94,2018-08-12,Sun,1,Home,L 0–2,Arsenal,Manchester City,Y,"FW,LW",90,0,0,0,0,1,0,0,0,26,0,0,0,0.0,0.0,0.0,1,0,14,22,1,14,1,0,0,156,40,10,13,0,3,1,1,0.0,1,1,0,0,19,2,0,0,0,1,0,0,1,1,0,0,0,0,0,0,0,0,0,0,0,0,0,0,0,0,0,0,0,0,0,0,0,2,12,12,0,66.0,33.0,1,0,2,1,22,4,0,5,0,12.2,1.4,1.0,2018-08-12 15:00:00+00:00,90,0,1,0,924935,1.0,2,0,0,0,110,2018-08-12
95,2018-08-18,Sat,2,Away,L 2–3,Arsenal,Chelsea,Y,"FW,LW",90,0,0,0,0,4,2,0,0,18,0,0,0,0.9,0.9,0.0,2,0,9,13,1,11,2,0,0,108,12,4,4,3,4,0,1,0.0,1,0,0,0,10,3,0,0,0,2,0,0,0,2,0,0,0,0,0,0,0,0,0,0,0,0,0,0,0,0,0,0,0,0,1,0,0,1,5,12,3,53.0,25.0,0,1,0,0,13,5,0,-4,0,11.1,4.7,4.2,2018-08-18 16:30:00+00:00,90,0,2,0,903963,32.0,2,-88089,19244,107333,110,2018-08-18
96,2018-08-25,Sat,3,Home,W 3–1,Arsenal,West Ham,Y,"FW,LW",74,0,0,0,0,3,1,0,0,33,0,0,0,0.1,0.1,0.2,7,0,19,26,1,20,4,4,3,210,48,12,13,5,6,0,0,0.4,4,0,1,0,24,2,0,1,0,2,0,0,0,4,0,2,0,1,0,0,0,0,0,0,0,0,0,0,0,0,1,1,0,0,0,0,0,1,17,16,2,159.0,97.0,5,0,2,0,26,6,0,12,0,52.3,9.4,13.4,2018-08-25 14:00:00+00:00,74,0,3,0,865202,28.0,2,-60940,107697,168637,110,2018-08-25
97,2018-09-02,Sun,4,Away,W 3–2,Arsenal,Cardiff City,Y,LW,88,1,0,0,0,2,1,0,0,44,3,1,3,0.1,0.1,0.0,1,0,23,28,3,27,0,2,0,250,41,15,15,5,7,0,0,0.1,0,0,2,0,28,0,0,0,0,0,0,0,0,1,0,0,0,0,0,0,0,0,0,0,0,3,0,3,0,1,1,0,0,3,1,0,2,4,25,15,3,155.0,39.0,1,0,3,1,31,3,2,33,0,6.2,7.5,39.6,2018-09-02 12:30:00+00:00,88,0,4,0,744360,29.0,8,-125640,22584,148224,109,2018-09-02
98,2018-09-15,Sat,5,Away,W 2–1,Arsenal,Newcastle Utd,Y,LW,68,0,0,0,0,2,0,0,0,30,0,0,0,0.1,0.1,0.0,1,1,14,22,1,17,2,0,0,119,37,9,12,1,5,0,0,0.0,0,1,0,0,22,0,0,1,0,2,0,0,0,0,0,0,0,1,0,0,0,0,0,1,0,0,0,0,0,0,0,0,0,0,1,0,1,5,16,10,1,92.0,57.0,0,0,4,1,27,8,0,12,1,4.0,1.6,0.0,2018-09-15 14:00:00+00:00,68,0,5,0,698556,12.0,5,-58195,25691,83886,109,2018-09-15
99,2018-09-23,Sun,6,Home,W 2–0,Arsenal,Everton,Y,LW,68,1,0,0,0,2,1,0,0,36,1,0,1,0.4,0.4,0.1,1,0,16,25,3,22,2,4,3,145,54,13,15,1,4,0,2,0.3,1,3,2,0,25,0,0,0,0,2,0,0,0,1,0,0,0,0,0,0,0,0,0,0,0,1,0,0,1,1,1,0,0,1,1,0,1,5,15,16,3,146.0,87.0,1,0,3,2,26,5,1,32,1,12.5,8.5,41.4,2018-09-23 15:00:00+00:00,68,0,6,0,637110,31.0,7,-64753,18571,83324,109,2018-09-23
100,2018-09-29,Sat,7,Home,W 2–0,Arsenal,Watford,Y,"LW,RW",76,0,0,0,0,0,0,0,0,24,0,0,0,0.0,0.0,0.3,1,0,12,17,4,18,3,3,1,169,57,7,10,5,5,0,1,0.1,1,2,2,0,17,0,0,0,0,0,0,0,0,1,0,0,0,0,0,0,0,0,0,0,0,0,0,0,0,0,0,0,0,0,3,0,3,6,6,13,1,163.0,89.0,3,0,1,0,18,5,0,9,1,13.0,2.0,4.8,2018-09-29 14:00:00+00:00,76,0,7,0,624075,2.0,2,-19156,19938,39094,108,2018-09-29
101,2018-10-07,Sun,8,Away,W 5–1,Arsenal,Fulham,N,"FW,AM",29,2,1,0,0,2,2,0,0,12,0,0,0,0.2,0.2,0.1,1,1,8,9,1,10,2,0,0,101,27,6,6,2,2,0,0,0.3,1,1,1,0,9,0,0,0,0,0,0,0,0,1,0,0,0,0,0,1,0,0,0,0,0,0,0,0,0,0,0,0,0,0,0,0,0,0,4,8,5,50.0,17.0,0,2,1,0,11,4,3,61,0,11.6,13.5,83.2,2018-10-07 11:00:00+00:00,28,0,8,0,494015,40.0,15,-127393,5657,133050,108,2018-10-07
102,2018-10-22,Mon,9,Home,W 3–1,Arsenal,Leicester City,N,LW,30,2,0,0,0,2,2,0,0,24,1,0,0,1.3,1.3,0.0,0,0,14,20,2,22,3,2,2,157,41,12,17,2,3,0,0,0.0,0,2,0,0,20,0,0,0,0,0,0,0,0,0,0,0,0,0,0,0,0,0,0,0,0,1,0,0,1,1,2,1,0,0,0,0,0,2,7,17,4,120.0,92.0,1,0,0,0,22,6,3,59,0,2.5,14.3,70.8,2018-10-22 19:00:00+00:00,29,0,9,0,546595,70.0,12,39013,67009,27996,107,2018-10-22
103,2018-10-28,Sun,10,Away,D 2–2,Arsenal,Crystal Palace,Y,"LW,LM",77,1,0,0,0,1,1,0,0,33,2,1,2,0.5,0.5,0.0,0,0,20,24,1,19,1,1,1,206,61,16,19,2,2,0,0,0.0,0,0,1,0,24,0,0,0,0,0,0,0,0,0,0,0,0,0,0,0,0,0,0,0,0,1,1,0,1,1,4,3,0,2,1,0,1,4,19,11,1,129.0,53.0,1,0,1,3,23,4,2,28,0,4.1,10.8,40.2,2018-10-28 13:30:00+00:00,77,0,10,0,802073,64.0,8,233268,245845,12577,108,2018-10-28
104,2018-11-03,Sat,11,Home,D 1–1,Arsenal,Liverpool,Y,LW,72,0,0,0,0,3,0,0,0,21,0,0,1,0.2,0.2,0.2,2,0,6,12,1,16,2,0,0,76,40,5,7,0,4,1,1,0.1,1,1,1,1,12,0,0,0,0,2,0,0,0,2,0,0,0,0,0,0,0,0,0,0,0,0,0,0,0,0,4,4,0,1,1,0,0,1,6,14,2,79.0,32.0,0,1,4,0,17,4,0,7,0,14.9,4.6,1.4,2018-11-03 17:30:00+00:00,72,0,11,0,893574,30.0,2,98774,150164,51390,109,2018-11-03
105,2018-11-11,Sun,12,Home,D 1–1,Arsenal,Wolves,Y,"FW,LW",90,0,0,0,0,1,0,0,0,32,0,0,3,0.5,0.5,0.0,0,0,19,25,0,22,1,2,0,153,33,15,19,1,2,0,0,0.0,0,1,0,0,25,0,0,0,0,0,0,0,0,0,0,0,0,0,0,0,0,0,0,0,0,0,0,0,0,0,0,0,0,3,0,0,0,1,14,17,2,62.0,16.0,0,1,1,1,26,8,0,0,0,4.9,1.0,0.0,2018-11-11 16:30:00+00:00,90,0,12,0,957596,6.0,2,52201,95551,43350,109,2018-11-11
106,2018-11-25,Sun,13,Away,W 2–1,Arsenal,Bournemouth,Y,FW,89,1,0,0,0,4,1,0,0,32,1,0,0,0.9,0.9,0.1,3,0,16,25,1,16,3,1,0,228,38,7,10,4,6,2,3,0.1,2,0,2,1,22,3,0,0,0,2,1,0,0,2,0,0,0,0,1,0,0,0,0,0,0,1,1,0,0,0,1,1,0,0,1,0,0,3,8,22,5,178.0,87.0,1,1,1,1,25,5,2,31,0,27.0,11.1,36.4,2018-11-25 13:30:00+00:00,90,0,13,0,878761,48.0,8,-75137,35954,111091,109,2018-11-25
107,2018-12-02,Sun,14,Home,W 4–2,Arsenal,Tottenham,Y,FW,90,2,1,1,1,3,1,0,0,40,5,0,3,1.5,0.7,0.4,3,2,17,22,4,16,2,1,0,229,66,8,8,7,9,0,0,0.1,2,0,1,0,19,3,0,0,0,3,0,0,0,2,0,0,0,1,0,1,0,0,0,1,0,3,1,3,1,2,2,0,0,3,0,0,0,1,14,25,5,121.0,43.0,3,0,5,1,25,4,3,64,0,23.0,15.0,91.2,2018-12-02 14:05:00+00:00,90,0,14,0,903681,36.0,16,16988,55744,38756,109,2018-12-02
108,2018-12-05,Wed,15,Away,D 2–2,Arsenal,Manchester Utd,Y,"FW,AM",90,0,0,0,0,2,2,0,0,36,0,0,0,0.5,0.5,0.0,1,0,24,26,3,21,1,1,0,280,59,16,18,4,4,1,1,0.0,0,0,2,0,24,2,0,0,0,0,0,0,0,0,0,0,1,0,0,0,0,0,0,0,0,0,0,0,0,0,1,1,0,0,3,0,1,5,17,14,1,149.0,60.0,1,0,2,4,28,5,0,-1,0,5.0,3.9,10.2,2018-12-05 20:00:00+00:00,90,0,15,0,1430386,24.0,2,510631,525322,14691,111,2018-12-05
109,2018-12-08,Sat,16,Home,W 1–0,Arsenal,Huddersfield,Y,FW,90,0,1,0,0,4,0,0,0,30,0,0,1,0.6,0.6,0.4,2,2,14,20,1,13,2,0,0,142,21,10,13,2,2,0,0,0.6,1,1,0,0,18,1,0,0,0,1,0,0,1,1,0,0,1,0,0,1,0,0,1,0,0,0,0,0,0,0,0,0,0,1,0,0,0,1,13,16,7,69.0,39.0,0,1,2,0,22,6,0,9,1,13.3,9.6,13.4,2018-12-08 15:00:00+00:00,90,0,16,0,2085226,69.0,5,623808,637087,13279,114,2018-12-08
110,2018-12-16,Sun,17,Away,L 2–3,Arsenal,Southampton,Y,FW,90,0,0,0,0,3,2,0,0,37,0,0,3,1.4,1.4,0.1,3,0,14,21,4,18,1,4,1,173,42,8,12,2,4,1,1,0.1,2,0,2,0,17,4,0,0,0,1,1,0,0,3,0,0,0,0,0,0,0,0,0,0,0,0,0,0,0,0,0,0,0,3,0,0,1,2,16,19,6,120.0,60.0,1,1,4,1,24,10,0,2,0,24.5,8.2,10.0,2018-12-16 13:30:00+00:00,90,0,17,0,2209190,47.0,2,139585,189127,49542,115,2018-12-16
111,2018-12-22,Sat,18,Home,W 3–1,Arsenal,Burnley,Y,FW,90,2,0,0,0,3,2,0,0,30,0,0,1,0.6,0.6,0.1,2,0,13,21,1,20,4,1,0,160,12,8,8,3,8,0,0,0.0,1,0,0,0,20,0,0,0,0,1,0,0,1,1,0,0,0,1,0,0,0,0,0,0,0,0,0,0,0,0,2,2,0,1,0,0,0,1,13,18,5,174.0,116.0,3,2,1,1,24,6,3,57,0,13.0,15.3,68.4,2018-12-22 12:30:00+00:00,90,0,18,0,2155325,72.0,13,-53394,62033,115427,115,2018-12-22
112,2018-12-26,Wed,19,Away,D 1–1,Arsenal,Brighton,Y,FW,90,1,0,0,0,4,3,0,0,41,0,0,0,0.7,0.7,0.0,1,0,26,30,6,24,5,4,2,274,76,18,20,5,6,0,0,0.1,0,1,2,0,30,0,0,0,0,0,0,0,0,0,0,0,1,0,0,0,0,0,0,0,0,0,0,0,0,0,0,0,0,0,1,0,1,3,11,27,6,137.0,72.0,2,1,3,1,37,15,2,33,0,4.7,11.4,43.8,2018-12-26 17:15:00+00:00,90,0,19,0,2216339,65.0,8,48261,106785,58524,115,2018-12-26
113,2018-12-29,Sat,20,Away,L 1–5,Arsenal,Liverpool,Y,FW,70,0,0,0,0,1,0,0,0,13,0,0,0,0.0,0.0,0.0,1,0,10,10,0,4,0,0,0,224,24,4,4,3,3,3,3,0.0,1,0,0,0,4,6,0,0,0,0,0,0,0,1,0,0,0,0,0,0,0,0,0,0,0,0,0,0,0,0,0,0,0,0,2,0,2,2,7,4,1,30.0,8.0,0,0,0,0,5,2,0,4,0,10.8,1.7,2.2,2018-12-29 17:30:00+00:00,70,0,20,0,2104176,4.0,2,-105091,59346,164437,115,2018-12-29
114,2019-01-01,Tue,21,Home,W 4–1,Arsenal,Fulham,Y,"AM,RW,FW",90,1,0,0,0,6,2,0,0,52,1,2,1,2.1,2.1,0.1,5,2,23,41,2,36,4,3,2,223,58,15,18,2,10,1,1,0.2,2,1,1,0,40,0,0,0,0,3,0,0,1,3,0,1,1,0,0,1,0,0,1,0,0,1,0,1,0,1,1,0,0,1,0,0,0,2,19,31,12,141.0,69.0,1,3,1,0,43,13,0,27,0,27.0,14.9,40.4,2019-01-01 15:00:00+00:00,90,0,21,0,2162900,82.0,9,29678,125626,95948,114,2019-01-01
115,2019-01-12,Sat,22,Away,L 0–1,Arsenal,West Ham,Y,"AM,RW",90,0,0,0,0,3,0,0,0,28,0,1,0,0.2,0.2,0.1,1,0,13,19,3,14,1,1,0,150,67,7,9,4,6,0,0,0.2,1,2,2,0,19,0,0,0,0,2,0,0,0,1,0,0,0,0,0,0,0,0,0,0,0,0,0,0,0,0,2,2,0,0,1,0,0,4,8,16,3,71.0,39.0,1,0,2,1,23,6,0,2,0,16.4,3.6,1.4,2019-01-12 12:30:00+00:00,90,0,22,0,2156836,18.0,2,-17480,106637,124117,114,2019-01-12
116,2019-01-19,Sat,23,Home,W 2–0,Arsenal,Chelsea,Y,FW,90,0,0,0,0,3,1,0,0,22,3,0,1,0.6,0.6,0.0,1,0,5,9,1,9,1,2,1,77,31,2,3,2,2,0,1,0.1,0,1,1,0,9,0,0,0,0,1,0,0,0,0,0,1,0,0,0,0,0,0,0,0,0,3,1,2,0,0,1,1,0,1,1,0,1,5,10,7,5,53.0,43.0,1,0,1,0,9,3,0,7,1,5.4,5.7,7.4,2019-01-19 17:30:00+00:00,90,0,23,0,1981934,44.0,2,-172799,171810,344609,113,2019-01-19
117,2019-01-29,Tue,24,Home,W 2–1,Arsenal,Cardiff City,Y,"RW,FW",90,1,1,1,1,1,1,0,0,48,1,0,0,1.2,0.4,0.5,3,1,30,35,4,34,4,0,0,351,109,19,20,5,7,2,2,0.1,3,4,0,0,35,0,0,0,0,1,0,0,0,3,0,0,0,0,0,1,0,0,0,0,0,0,0,0,1,0,0,0,0,0,1,0,0,2,24,22,5,221.0,129.0,5,1,2,3,39,9,3,42,0,34.5,13.7,60.8,2019-01-29 19:45:00+00:00,90,0,24,0,1983248,42.0,12,-14227,109571,123798,113,2019-01-29
118,2019-02-03,Sun,25,Away,L 1–3,Arsenal,Manchester City,Y,FW,90,0,0,0,0,1,0,0,0,35,1,1,1,0.0,0.0,0.0,0,0,21,28,1,18,3,2,2,207,47,15,17,2,2,0,2,0.0,0,0,0,0,25,3,0,0,0,0,0,0,0,0,0,0,0,0,0,0,0,0,0,0,0,1,1,0,0,0,1,1,0,1,0,0,0,1,23,12,0,156.0,81.0,2,0,0,2,26,2,0,9,0,2.9,1.7,6.4,2019-02-03 16:30:00+00:00,90,0,25,0,1783945,8.0,2,-166820,30389,197209,112,2019-02-03
119,2019-02-24,Sun,27,Home,W 2–0,Arsenal,Southampton,N,LW,16,0,0,0,0,1,0,0,0,15,0,0,0,0.1,0.1,0.0,1,0,8,13,0,11,2,1,1,62,24,8,10,0,1,0,0,0.0,0,0,0,0,13,0,0,0,0,1,0,0,0,0,0,1,0,0,0,0,0,0,0,0,0,0,0,0,0,0,0,0,0,0,0,0,0,2,3,10,5,80.0,44.0,1,2,1,0,15,7,0,3,0,1.3,3.1,1.4,2019-02-24 14:05:00+00:00,15,0,27,0,1762727,28.0,1,-26672,175858,202530,111,2019-02-24
120,2019-02-27,Wed,28,Home,W 5–1,Arsenal,Bournemouth,Y,"FW,RW",70,1,0,0,0,4,1,0,0,28,0,0,1,0.9,0.9,0.3,2,1,13,19,1,16,3,1,1,133,21,11,13,1,4,0,0,0.1,1,1,1,0,17,2,0,0,0,2,0,0,0,1,0,1,0,0,0,0,0,1,0,0,0,0,0,0,0,0,0,0,0,1,1,0,1,2,10,16,7,94.0,71.0,0,3,2,1,21,9,1,30,0,11.8,12.7,36.2,2019-02-27 19:45:00+00:00,70,0,28,0,1553622,79.0,7,-144837,25536,170373,110,2019-02-27
121,2019-03-02,Sat,29,Away,D 1–1,Arsenal,Tottenham,N,FW,35,0,0,0,1,2,0,0,0,11,0,0,0,1.0,0.1,0.0,2,0,3,6,0,7,0,1,0,27,7,3,5,0,0,0,0,0.0,0,0,0,0,4,2,0,0,0,0,1,0,0,0,0,0,1,1,0,0,0,0,0,0,0,0,0,0,0,0,0,0,0,0,0,0,0,0,1,10,4,16.0,9.0,0,1,1,0,8,6,0,-10,0,0.3,8.4,3.2,2019-03-02 12:30:00+00:00,34,0,29,0,1374350,80.0,-1,-180794,16437,197231,109,2019-03-02
122,2019-03-10,Sun,30,Home,W 2–0,Arsenal,Manchester Utd,Y,"FW,RW",79,1,0,1,1,3,0,0,0,24,0,1,1,1.0,0.2,0.1,1,0,7,13,0,8,2,1,0,68,34,4,5,2,3,0,1,0.0,1,0,0,0,13,0,0,0,0,0,0,0,0,1,0,0,0,0,0,0,0,0,0,0,0,0,0,0,0,0,0,0,0,1,2,0,2,4,9,11,5,31.0,13.0,0,2,1,0,13,3,1,26,1,10.7,8.8,33.6,2019-03-10 16:30:00+00:00,79,0,30,0,1172122,44.0,7,-202407,5439,207846,108,2019-03-10
123,2019-04-01,Mon,32,Home,W 2–0,Arsenal,Newcastle Utd,N,FW,30,0,1,0,0,1,1,0,0,12,0,0,0,0.1,0.1,0.2,1,1,7,10,1,8,1,0,0,76,29,6,6,1,2,0,1,0.0,1,1,1,0,9,0,0,0,0,2,0,0,1,1,0,0,0,0,0,1,0,0,0,0,0,0,0,0,0,0,1,1,0,0,0,0,0,0,3,9,1,69.0,41.0,1,0,1,0,12,3,0,16,0,13.4,5.1,20.4,2019-04-01 19:00:00+00:00,29,0,32,0,1080086,17.0,4,-27287,33843,61130,108,2019-04-01
124,2019-04-07,Sun,33,Away,L 0–1,Arsenal,Everton,N,RW,45,0,0,0,0,0,0,0,0,11,0,0,0,0.0,0.0,0.0,2,0,5,11,1,7,2,1,1,72,19,4,4,1,3,0,1,0.0,1,0,1,1,11,0,0,0,0,3,0,0,0,2,0,0,0,0,0,0,0,0,0,0,0,0,0,0,0,0,1,1,0,0,0,0,0,2,2,7,0,59.0,35.0,0,0,0,0,10,4,0,6,0,15.0,2.0,5.4,2019-04-07 13:05:00+00:00,45,0,33,0,1242672,0.0,1,132301,147658,15357,108,2019-04-07
125,2019-04-15,Mon,34,Away,W 1–0,Arsenal,Watford,Y,FW,90,1,0,0,0,5,1,0,0,31,0,0,1,1.2,1.2,0.0,0,0,15,22,2,11,4,1,1,142,37,11,14,2,4,0,1,0.0,0,0,1,0,21,1,0,0,0,0,0,0,0,0,0,0,0,0,0,0,0,0,0,0,0,0,0,0,0,0,0,0,0,1,0,0,0,1,11,19,9,64.0,50.0,1,3,1,2,27,6,0,24,1,4.3,12.7,30.8,2019-04-15 19:00:00+00:00,90,0,34,0,1194216,92.0,6,-31354,49772,81126,109,2019-04-15
126,2019-04-21,Sun,35,Home,L 2–3,Arsenal,Crystal Palace,Y,"RW,FW",90,1,0,0,0,1,1,0,0,31,0,0,0,0.1,0.1,0.1,1,0,15,23,4,17,3,2,1,187,53,10,15,2,4,1,1,0.1,1,1,2,0,23,0,0,0,0,2,0,0,0,1,0,0,0,0,0,0,0,0,0,0,0,0,0,0,0,0,0,0,0,0,0,0,0,1,13,17,2,130.0,78.0,2,0,2,0,29,12,1,32,0,16.2,7.4,38.8,2019-04-21 15:00:00+00:00,90,0,35,0,1319020,19.0,7,111230,136150,24920,109,2019-04-21
127,2019-04-28,Sun,36,Away,L 0–3,Arsenal,Leicester City,Y,FW,90,0,0,0,0,0,0,0,0,34,2,1,1,0.0,0.0,0.4,4,0,16,29,6,14,2,2,2,205,111,10,16,5,7,0,0,0.1,2,2,3,0,27,1,0,0,0,2,0,0,1,3,0,1,0,0,0,0,0,0,0,0,0,2,1,0,1,1,1,0,0,1,0,0,0,5,14,16,3,146.0,79.0,1,1,1,3,27,7,0,16,0,26.2,4.7,15.0,2019-04-28 11:00:00+00:00,90,0,36,0,1149854,6.0,2,-154965,10220,165185,109,2019-04-28
128,2019-05-05,Sun,37,Home,D 1–1,Arsenal,Brighton,Y,FW,90,1,0,1,1,4,2,0,0,38,0,0,1,1.5,0.7,0.1,2,0,19,27,3,26,6,5,3,239,43,13,17,5,6,0,1,0.1,1,2,1,1,27,0,0,1,0,5,0,0,0,2,0,0,0,0,0,0,0,0,0,0,0,0,0,0,0,0,1,1,0,1,0,0,0,0,8,30,7,182.0,114.0,3,0,1,2,34,14,2,26,0,25.0,12.3,43.0,2019-05-05 15:30:00+00:00,90,0,37,0,1141592,55.0,8,-12687,32488,45175,108,2019-05-05
129,2019-05-12,Sun,38,Away,W 3–1,Arsenal,Burnley,Y,FW,90,2,0,0,0,7,3,0,0,36,0,0,0,2.2,2.2,0.0,1,0,16,21,2,23,3,2,1,193,31,12,15,3,3,0,1,0.0,0,1,0,0,19,2,0,0,1,0,0,0,0,1,0,0,0,0,0,0,0,0,0,0,0,0,0,0,0,0,0,0,0,0,0,0,0,2,14,21,11,155.0,61.0,2,3,4,1,28,9,3,47,0,3.6,17.3,64.6,2019-05-12 14:00:00+00:00,90,0,38,0,1196750,105.0,13,47790,72259,24469,108,2019-05-12
130,2018-02-03,Sat,26,Home,W 5–1,Arsenal,Everton,Y,FW,90,1,0,0,0,3,2,0,0,25,1,0,1,0.7,0.7,0.0,1,1,15,17,2,15,1,0,0,223,13,11,12,3,3,1,1,0.0,0,0,1,0,15,2,0,0,1,0,0,0,0,1,0,0,0,0,0,1,0,0,0,0,0,1,1,0,0,0,1,1,0,1,0,0,0,1,14,10,4,97.0,36.0,1,1,2,0,19,4,0,31,0,7.3,10.0,38.6,2018-02-03 17:30:00+00:00,90,0,26,0,94852,54.0,6,93676,104896,11220,105,2018-02-03
131,2018-02-10,Sat,27,Away,L 0–1,Arsenal,Tottenham,Y,"FW,LW",90,0,0,0,0,0,0,0,0,22,0,1,0,0.0,0.0,0.0,0,0,11,21,1,10,3,0,0,127,30,8,10,3,6,0,1,0.1,0,1,0,0,18,3,0,0,0,2,1,0,0,0,0,0,0,0,0,0,0,0,0,0,0,0,0,0,0,0,2,2,0,0,1,0,1,5,9,8,2,80.0,61.0,0,1,0,0,15,3,0,4,0,2.7,0.8,1.4,2018-02-10 12:30:00+00:00,90,0,27,0,326792,4.0,2,225384,235198,9814,105,2018-02-10
132,2018-03-01,Thu,28,Home,L 0–3,Arsenal,Manchester City,Y,FW,90,0,0,0,1,1,0,0,0,27,0,0,0,0.8,0.0,0.1,1,0,12,23,0,19,1,2,2,149,6,7,14,3,4,0,2,0.1,1,0,0,0,20,3,0,0,0,2,0,0,0,1,0,0,0,0,0,0,0,0,0,0,0,0,0,0,0,0,1,1,0,0,0,0,1,1,18,10,3,85.0,43.0,3,0,2,0,19,5,0,0,0,15.2,4.3,5.0,2018-03-01 19:45:00+00:00,90,0,28,0,287902,23.0,0,-41986,30785,72771,105,2018-03-01
133,2018-03-04,Sun,29,Away,L 1–2,Arsenal,Brighton,Y,FW,90,1,0,0,0,2,2,0,0,25,1,0,1,0.6,0.6,0.1,2,0,15,21,0,19,1,1,1,138,16,12,15,1,3,0,0,0.0,2,1,0,0,18,3,0,0,0,0,0,0,0,2,0,0,0,0,0,0,0,0,0,0,0,1,0,1,0,0,1,1,0,1,0,0,0,1,13,11,6,110.0,18.0,2,1,0,2,21,4,3,33,0,22.3,11.0,43.8,2018-03-04 13:30:00+00:00,90,0,29,0,264092,44.0,9,-24520,18168,42688,104,2018-03-04
134,2018-03-11,Sun,30,Home,W 3–0,Arsenal,Watford,Y,FW,90,1,1,0,0,4,2,0,0,22,1,0,2,1.3,1.3,0.1,4,3,8,10,0,12,1,2,1,72,0,6,7,1,1,0,1,0.1,1,0,0,0,9,1,0,0,0,0,0,0,0,2,0,1,0,1,0,1,0,1,0,1,0,0,1,0,0,1,1,0,0,2,1,0,1,2,9,11,5,51.0,11.0,0,1,1,2,13,8,0,27,1,13.2,11.5,53.0,2018-03-11 13:30:00+00:00,90,0,30,0,278068,49.0,9,16598,34727,18129,104,2018-03-11
135,2018-04-01,Sun,32,Home,W 3–0,Arsenal,Stoke City,Y,"FW,LW",90,2,0,1,1,3,2,0,0,33,1,0,2,1.3,0.5,0.0,5,0,18,25,0,19,3,2,2,195,45,13,14,1,5,1,2,0.0,1,0,0,0,22,2,0,0,0,3,1,0,1,3,0,1,1,0,0,0,0,0,0,0,0,1,1,0,0,0,0,0,0,2,0,0,0,2,14,18,4,140.0,71.0,2,0,0,0,24,6,3,59,1,15.3,15.2,75.6,2018-04-01 12:30:00+00:00,90,0,32,0,709722,61.0,13,346194,362093,15899,107,2018-04-01
136,2018-04-08,Sun,33,Home,W 3–2,Arsenal,Southampton,Y,FW,70,1,0,0,0,2,2,0,0,31,0,0,0,0.2,0.2,0.1,3,0,21,28,0,20,0,0,0,282,33,10,10,8,14,0,0,0.1,2,3,1,1,26,2,0,1,0,3,0,0,0,3,0,0,0,0,0,0,0,0,0,0,0,0,0,0,0,0,0,0,0,0,0,0,0,0,9,22,3,53.0,14.0,0,0,1,0,24,10,0,32,0,32.4,11.0,41.8,2018-04-08 13:15:00+00:00,70,0,33,0,867988,36.0,6,154747,178140,23393,108,2018-04-08
137,2018-04-15,Sun,34,Away,L 1–2,Arsenal,Newcastle Utd,Y,"LW,LM",90,0,1,0,0,3,0,0,0,59,1,1,1,0.1,0.1,0.4,4,1,33,52,3,46,6,4,2,412,98,26,32,6,10,1,4,0.3,2,2,0,0,51,1,0,0,0,2,1,0,0,4,0,0,0,0,0,1,0,0,0,0,0,1,0,1,0,0,0,0,0,1,0,0,1,6,29,26,6,260.0,134.0,3,2,1,3,52,10,0,20,0,30.4,9.3,25.4,2018-04-15 12:30:00+00:00,90,0,34,0,667062,37.0,5,-167643,49707,217350,107,2018-04-15
138,2018-04-22,Sun,35,Home,W 4–1,Arsenal,West Ham,N,"LW,FW",21,0,1,0,0,1,0,0,0,21,0,0,1,0.0,0.0,0.1,2,1,11,17,1,14,3,0,0,115,15,10,10,1,2,0,2,0.1,1,0,1,0,17,0,0,0,0,0,0,0,0,2,0,0,0,0,0,1,0,0,0,0,0,0,0,0,0,0,0,0,0,1,0,0,0,1,5,15,3,160.0,103.0,0,0,1,0,17,8,0,13,0,13.4,5.3,17.6,2018-04-22 12:30:00+00:00,20,0,35,0,930400,22.0,4,182378,201886,19508,108,2018-04-22
139,2018-04-29,Sun,36,Away,L 1–2,Arsenal,Manchester Utd,Y,FW,90,0,0,0,0,1,1,0,0,30,0,0,0,0.2,0.2,0.0,1,0,17,25,0,16,1,0,0,195,15,13,18,3,6,0,0,0.1,1,1,1,1,22,3,0,0,0,1,0,0,0,1,0,0,0,0,0,0,0,0,0,0,0,0,0,0,0,0,1,1,0,0,1,0,2,8,15,8,2,63.0,14.0,0,0,1,2,22,5,0,3,0,17.8,4.8,9.2,2018-04-29 15:30:00+00:00,90,0,36,0,685639,21.0,2,-194394,12821,207215,107,2018-04-29
140,2018-05-06,Sun,37,Home,W 5–0,Arsenal,Burnley,Y,LW,90,2,1,0,0,2,2,0,0,56,0,1,3,1.4,1.4,0.2,3,1,31,46,2,37,8,2,2,341,66,25,29,5,10,0,2,0.4,2,2,1,0,46,0,0,0,0,3,0,0,0,2,0,1,0,0,0,1,0,0,0,0,0,0,0,0,0,0,0,0,0,3,1,0,0,7,16,34,9,283.0,232.0,4,4,2,0,42,14,3,74,1,28.9,18.6,90.6,2018-05-06 15:30:00+00:00,90,0,37,0,674346,66.0,16,-12290,43958,56248,107,2018-05-06
141,2018-05-09,Wed,31,Away,L 1–3,Arsenal,Leicester City,Y,FW,90,1,0,0,0,6,3,0,0,33,0,0,1,1.0,1.0,0.0,4,1,15,21,0,13,3,1,1,200,31,8,10,5,8,1,1,0.0,0,0,0,0,17,4,0,0,0,0,0,0,0,0,0,1,3,0,0,0,0,0,1,0,0,0,0,0,0,0,0,0,0,1,2,0,1,3,11,19,12,99.0,67.0,1,2,1,0,17,4,1,27,0,4.9,17.2,41.4,2018-05-09 18:45:00+00:00,90,0,37,0,674346,126.0,7,-12290,43958,56248,107,2018-05-09
142,2018-05-13,Sun,38,Away,W 1–0,Arsenal,Huddersfield,Y,LW,66,1,0,0,0,1,1,0,0,36,0,0,2,0.8,0.8,0.0,0,0,18,31,0,24,0,0,0,258,55,8,11,7,10,1,4,0.0,0,0,0,0,31,0,0,0,0,0,0,0,0,0,0,0,0,0,0,0,0,0,0,0,0,0,0,0,0,0,0,0,1,1,1,0,3,5,17,14,3,90.0,32.0,1,0,0,3,29,4,2,31,1,3.3,8.1,40.6,2018-05-13 14:00:00+00:00,66,0,38,0,835042,37.0,8,147638,158793,11155,108,2018-05-13
